-- MySQL dump 10.16  Distrib 10.1.34-MariaDB, for osx10.10 (x86_64)
--
-- Host: 13.229.233.83    Database: db_sma2
-- ------------------------------------------------------
-- Server version	5.7.30-0ubuntu0.18.04.1

/*!40101 SET @OLD_CHARACTER_SET_CLIENT=@@CHARACTER_SET_CLIENT */;
/*!40101 SET @OLD_CHARACTER_SET_RESULTS=@@CHARACTER_SET_RESULTS */;
/*!40101 SET @OLD_COLLATION_CONNECTION=@@COLLATION_CONNECTION */;
/*!40101 SET NAMES utf8 */;
/*!40103 SET @OLD_TIME_ZONE=@@TIME_ZONE */;
/*!40103 SET TIME_ZONE='+00:00' */;
/*!40014 SET @OLD_UNIQUE_CHECKS=@@UNIQUE_CHECKS, UNIQUE_CHECKS=0 */;
/*!40014 SET @OLD_FOREIGN_KEY_CHECKS=@@FOREIGN_KEY_CHECKS, FOREIGN_KEY_CHECKS=0 */;
/*!40101 SET @OLD_SQL_MODE=@@SQL_MODE, SQL_MODE='NO_AUTO_VALUE_ON_ZERO' */;
/*!40111 SET @OLD_SQL_NOTES=@@SQL_NOTES, SQL_NOTES=0 */;

-- Dumping database structure for db_sma2
CREATE DATABASE IF NOT EXISTS `db_sma2` /*!40100 DEFAULT CHARACTER SET latin1 */;
USE `db_sma2`;

-- Dumping structure for function db_sma2.f_get_grade
DELIMITER //
CREATE DEFINER=`root`@`localhost` FUNCTION `f_get_grade`(`iscore` DECIMAL(10,4)) RETURNS varchar(1) CHARSET utf8
    NO SQL
    DETERMINISTIC
RETURN (
    CASE 
    WHEN iscore > 60 THEN "A"
    WHEN iscore > 39 THEN "B"
    WHEN iscore > 10 THEN "C"
    ELSE "D"
    END
)//
DELIMITER ;

-- Dumping structure for function db_sma2.f_get_max_follower
DELIMITER //
CREATE DEFINER=`root`@`localhost` FUNCTION `f_get_max_follower`(`iid_user` INT) RETURNS int(11)
    READS SQL DATA
BEGIN
DECLARE max_follower INT(11);

SELECT MAX(follower_count) 
INTO max_follower
FROM v_scraping_summary
JOIN tbl_targets USING (ig_username)
JOIN tbl_users_targets USING (id_target)
WHERE id_user = iid_user;

RETURN max_follower;
END//
DELIMITER ;

-- Dumping structure for function db_sma2.f_get_max_like
DELIMITER //
CREATE DEFINER=`root`@`localhost` FUNCTION `f_get_max_like`(`iid_user` INT) RETURNS decimal(10,4)
    NO SQL
BEGIN
DECLARE max_like DECIMAL(10,4);

SELECT MAX(like_count / NULLIF(post_count,0)) 
INTO max_like
FROM v_scraping_summary
JOIN tbl_targets USING (ig_username)
JOIN tbl_users_targets USING (id_target)
WHERE id_user = iid_user;

RETURN max_like;
END//
DELIMITER ;

-- Dumping structure for function db_sma2.f_get_max_post
DELIMITER //
CREATE DEFINER=`root`@`localhost` FUNCTION `f_get_max_post`(`iid_user` INT) RETURNS int(11)
    NO SQL
BEGIN
DECLARE max_post INT(11);

SELECT MAX(post_count) 
INTO max_post
FROM v_scraping_summary
JOIN tbl_targets USING (ig_username)
JOIN tbl_users_targets USING (id_target)
WHERE id_user = iid_user;

RETURN max_post;
END//
DELIMITER ;

-- Dumping structure for function db_sma2.f_get_max_response
DELIMITER //
CREATE DEFINER=`root`@`localhost` FUNCTION `f_get_max_response`(`iid_user` INT) RETURNS decimal(10,4)
    NO SQL
BEGIN
DECLARE max_response DECIMAL(10,4);

SELECT MAX(response_count * 100 / NULLIF(comment_count,0)) 
INTO max_response
FROM v_scraping_summary
JOIN tbl_targets USING (ig_username)
JOIN tbl_users_targets USING (id_target)
WHERE id_user = iid_user;

RETURN max_response;
END//
DELIMITER ;

-- Dumping structure for function db_sma2.f_sum_score
DELIMITER //
CREATE DEFINER=`root`@`localhost` FUNCTION `f_sum_score`(`ifollower` DECIMAL(10,4), `ipost` DECIMAL(10,4), `ilike` DECIMAL(10,5), `iresponse` DECIMAL(10,4)) RETURNS decimal(10,4)
    NO SQL
    DETERMINISTIC
RETURN ((IFNULL(ifollower,0) + IFNULL(ipost,0) + IFNULL(ilike,0) + IFNULL(iresponse,0)) / 5.5) * 100//
DELIMITER ;

-- Dumping structure for procedure db_sma2.p_competitor_init_by_user_id
DELIMITER //
CREATE DEFINER=`root`@`localhost` PROCEDURE `p_competitor_init_by_user_id`(
	IN `iuser_id` INT




)
BEGIN
DECLARE max_follower INT(11) DEFAULT f_get_max_follower(iuser_id);
DECLARE max_post INT(11) DEFAULT f_get_max_post(iuser_id);
DECLARE max_like DECIMAL(10,4) DEFAULT f_get_max_like(iuser_id);
DECLARE max_response DECIMAL(10,4) DEFAULT f_get_max_response(iuser_id);

SELECT
  tscore.*,
  f_sum_score(score_follower, score_post, score_like, score_response) AS total_score
FROM (
  SELECT 
      tavg.*,
      tbl_scraping.follower_count,
      (follower_count / max_follower) AS score_follower,
      (post_count / max_post) * 2 AS score_post,
      (like_avg / max_like) * 3 AS score_like,
      (response_avg / max_response) * 2 AS score_response
  FROM (
      SELECT
          ts.ig_username,
          ts.last_checked,
          ts.post_count,
          ts.like_count,
          ts.comment_count,
          ts.response_count,
          (ts.post_count / 334) AS post_avg,
          (ts.like_count / NULLIF(ts.post_count,0)) AS like_avg,
          (ts.response_count / NULLIF(ts.comment_count,0)) * 100 AS response_avg
      FROM (
          SELECT 
              ig_username,
              COUNT(0) as post_count,
              SUM(like_count) as like_count,
              SUM(comment_count) as comment_count,
              SUM(response_count) as response_count,
              MAX(tbl_scraping.created) as last_checked
          FROM tbl_scraping
          JOIN tbl_targets USING (ig_username)
          JOIN tbl_users_targets USING (id_target)
          WHERE id_user = iuser_id
          GROUP BY ig_username
      ) ts
  ) tavg
  JOIN tbl_scraping ON (
      tbl_scraping.ig_username = tavg.ig_username AND
      tbl_scraping.created = tavg.last_checked
  )
) tscore
ORDER BY total_score DESC
;
END//
DELIMITER ;

-- Dumping structure for procedure db_sma2.p_get_sumber_keyword
DELIMITER //
CREATE DEFINER=`root`@`localhost` PROCEDURE `p_get_sumber_keyword`(IN `iid_user` INT(11), IN `icategory` VARCHAR(20), IN `inormal_text` VARCHAR(50), IN `iinterval` INT(3))
    READS SQL DATA
    DETERMINISTIC
SELECT url 
FROM tbl_crawling 
JOIN tbl_targets USING(ig_username)
JOIN tbl_users_targets USING(id_target)
JOIN tbl_normalizations USING(id_crawling)
WHERE tbl_users_targets.id_user = iid_user
AND tbl_users_targets.category = icategory
AND tbl_normalizations.normal_text = inormal_text
AND DATE(tbl_crawling.taken_at) > DATE_SUB(CURDATE(), INTERVAL iinterval DAY)//
DELIMITER ;

-- Dumping structure for procedure db_sma2.p_result_dashboard_a
DELIMITER //
CREATE DEFINER=`root`@`localhost` PROCEDURE `p_result_dashboard_a`(IN `iid_user` INT(11), IN `iinterval` INT(2), IN `icategory` VARCHAR(20), IN `iid_label` INT(2))
    READS SQL DATA
BEGIN
DECLARE total_px INT(11);
DECLARE date_from DATE DEFAULT DATE_SUB(CURDATE(), INTERVAL iinterval DAY);

SELECT COUNT(*) INTO total_px FROM tbl_crawling WHERE DATE(taken_at) > date_from;

SELECT normal_text, modus, total_px, (modus / total_px) p_value
FROM (
    SELECT normal_text, COUNT(*) modus 
    FROM tbl_normalizations
    JOIN tbl_crawling USING(id_crawling)
    JOIN tbl_targets USING(ig_username)
    JOIN tbl_users_targets USING(id_target)
    JOIN tbl_classifications USING (id_normalization)
    WHERE DATE(taken_at) > date_from
    AND id_user = iid_user
    AND category = icategory
    AND id_label = iid_label
    GROUP BY normal_text
) x
ORDER BY p_value DESC
LIMIT 0, 5;
END//
DELIMITER ;

-- Dumping structure for procedure db_sma2.p_scraping_summary_by_client
DELIMITER //
CREATE DEFINER=`root`@`localhost` PROCEDURE `p_scraping_summary_by_client`(
	IN `iid_user` INT

)
    READS SQL DATA
BEGIN
DECLARE max_follower INT(11) DEFAULT f_get_max_follower(iid_user);
DECLARE max_post INT(11) DEFAULT f_get_max_post(iid_user);
DECLARE max_like DECIMAL(10,4) DEFAULT f_get_max_like(iid_user);
DECLARE max_response DECIMAL(10,4) DEFAULT f_get_max_response(iid_user);

SELECT
	tgrade.*,
    f_get_grade(total_score) AS grade
FROM (
    SELECT
        tscore.*,
        f_sum_score(score_follower, score_post, score_like, score_response) AS total_score
    FROM (
        SELECT 
            tavg.*,
            tbl_scraping.follower_count,
            (follower_count / max_follower) AS score_follower,
            (post_count / max_post) * 2 AS score_post,
            (like_avg / max_like) * 3 AS score_like,
            (response_avg / max_response) * 2 AS score_response
        FROM (
            SELECT
                ts.ig_username,
                ts.last_checked,
                ts.post_count,
                ts.like_count,
                ts.comment_count,
                ts.response_count,
                (ts.post_count / 334) AS post_avg,
                (ts.like_count / NULLIF(ts.post_count,0)) AS like_avg,
                (ts.response_count / NULLIF(ts.comment_count,0)) * 100 AS response_avg
            FROM (
                SELECT 
                    ig_username,
                    COUNT(0) as post_count,
                    SUM(like_count) as like_count,
                    SUM(comment_count) as comment_count,
                    SUM(response_count) as response_count,
                    MAX(tbl_scraping.created) as last_checked
                FROM tbl_scraping
                JOIN tbl_targets USING (ig_username)
                JOIN tbl_users_targets USING (id_target)
                WHERE id_user = iid_user
                GROUP BY ig_username
            ) ts
        ) tavg
        JOIN tbl_scraping ON (
            tbl_scraping.ig_username = tavg.ig_username AND
            tbl_scraping.created = tavg.last_checked
        )
    ) tscore
) tgrade;
END//
DELIMITER ;

--
-- Table structure for table `tbl_classifications`
--

DROP TABLE IF EXISTS `tbl_classifications`;
/*!40101 SET @saved_cs_client     = @@character_set_client */;
/*!40101 SET character_set_client = utf8 */;
CREATE TABLE `tbl_classifications` (
  `id_normalization` int(11) NOT NULL,
  `id_label` int(11) NOT NULL,
  `id_crawling` int(11) NOT NULL,
  `created` timestamp NOT NULL DEFAULT CURRENT_TIMESTAMP,
  `updated` timestamp NULL DEFAULT NULL ON UPDATE CURRENT_TIMESTAMP,
  PRIMARY KEY (`id_normalization`)
) ENGINE=InnoDB DEFAULT CHARSET=utf8;
/*!40101 SET character_set_client = @saved_cs_client */;

--
-- Dumping data for table `tbl_classifications`
--

LOCK TABLES `tbl_classifications` WRITE;
/*!40000 ALTER TABLE `tbl_classifications` DISABLE KEYS */;
INSERT INTO `tbl_classifications` VALUES (1,2,131,'2019-11-29 20:20:24',NULL),(2,2,131,'2019-11-29 20:20:24',NULL),(3,2,130,'2019-11-29 20:23:59',NULL),(4,5,130,'2019-11-29 20:23:59',NULL),(5,2,130,'2019-11-29 20:23:59',NULL),(6,2,130,'2019-11-29 20:23:59',NULL),(7,2,130,'2019-11-29 20:23:59',NULL),(8,2,130,'2019-11-29 20:23:59',NULL),(9,5,130,'2019-11-29 20:23:59',NULL),(10,6,130,'2019-11-29 20:23:59',NULL),(11,1,145,'2019-12-04 20:44:40',NULL),(12,2,144,'2019-12-04 20:45:15',NULL),(13,1,144,'2019-12-04 20:45:15',NULL),(14,2,143,'2019-12-04 20:52:14',NULL),(15,3,143,'2019-12-04 20:52:14',NULL),(16,1,143,'2019-12-04 20:52:14',NULL),(17,2,142,'2019-12-04 20:52:51',NULL),(18,1,142,'2019-12-04 20:52:51',NULL),(19,4,142,'2019-12-04 20:52:51',NULL),(20,4,141,'2019-12-04 20:54:03',NULL),(21,2,141,'2019-12-04 20:54:03',NULL),(22,1,141,'2019-12-04 20:54:03',NULL),(23,1,141,'2019-12-04 20:54:03',NULL),(24,1,141,'2019-12-04 20:54:03',NULL),(25,1,140,'2019-12-04 20:55:30',NULL),(26,2,140,'2019-12-04 20:55:30',NULL),(27,4,140,'2019-12-04 20:55:30',NULL),(28,4,139,'2019-12-04 20:56:22',NULL),(29,1,139,'2019-12-04 20:56:22',NULL),(30,4,138,'2019-12-04 20:57:42',NULL),(31,4,138,'2019-12-04 20:57:42',NULL),(32,2,138,'2019-12-04 20:57:42',NULL),(33,2,137,'2019-12-04 20:58:25',NULL),(34,1,137,'2019-12-04 20:58:25',NULL),(35,1,137,'2019-12-04 20:58:25',NULL),(36,2,136,'2019-12-04 20:59:10',NULL),(37,1,136,'2019-12-04 20:59:10',NULL),(38,3,135,'2019-12-04 20:59:53',NULL),(39,2,135,'2019-12-04 20:59:53',NULL),(40,1,134,'2019-12-04 21:00:23',NULL),(41,2,133,'2019-12-04 21:01:47',NULL),(42,4,133,'2019-12-04 21:01:47',NULL),(43,4,133,'2019-12-04 21:01:47',NULL),(44,4,132,'2019-12-04 21:02:21',NULL),(45,4,132,'2019-12-04 21:02:21',NULL),(46,4,129,'2020-01-16 20:24:47',NULL),(47,3,129,'2020-01-16 20:24:47',NULL),(48,4,153,'2020-05-21 06:18:04',NULL),(49,1,153,'2020-05-21 06:18:04',NULL),(50,3,153,'2020-05-21 06:18:04',NULL),(51,3,153,'2020-05-21 06:18:04',NULL),(52,3,153,'2020-05-21 06:18:04',NULL),(53,3,153,'2020-05-21 06:18:04',NULL),(54,4,153,'2020-05-21 06:18:04',NULL),(55,2,153,'2020-05-21 06:18:04',NULL),(56,2,152,'2020-05-21 06:21:48',NULL),(57,2,152,'2020-05-21 06:21:48',NULL),(58,2,152,'2020-05-21 06:21:48',NULL),(59,2,152,'2020-05-21 06:21:48',NULL),(60,3,152,'2020-05-21 06:21:48',NULL),(61,2,152,'2020-05-21 06:21:48',NULL),(62,3,152,'2020-05-21 06:21:48',NULL),(63,1,152,'2020-05-21 06:21:48',NULL),(64,4,146,'2020-05-21 06:26:40',NULL),(65,2,146,'2020-05-21 06:26:40',NULL),(66,2,146,'2020-05-21 06:26:40',NULL),(67,4,146,'2020-05-21 06:26:40',NULL),(68,4,146,'2020-05-21 06:26:40',NULL),(69,3,146,'2020-05-21 06:26:40',NULL),(70,1,146,'2020-05-21 06:26:40',NULL),(71,2,146,'2020-05-21 06:26:40',NULL),(72,1,176,'2020-05-22 21:09:48',NULL),(73,1,175,'2020-05-22 21:09:58',NULL),(74,1,174,'2020-05-22 21:10:04',NULL),(75,1,173,'2020-05-22 21:10:09',NULL),(76,1,170,'2020-05-22 21:10:15',NULL),(77,1,169,'2020-05-22 21:10:19',NULL),(78,4,168,'2020-05-22 21:10:28',NULL),(79,1,168,'2020-05-22 21:10:28',NULL),(80,1,167,'2020-05-22 21:10:33',NULL),(81,1,166,'2020-05-22 21:10:37',NULL),(82,1,165,'2020-05-22 21:10:42',NULL),(83,1,164,'2020-05-22 21:10:50',NULL),(84,1,163,'2020-05-22 21:10:56',NULL),(85,1,161,'2020-05-22 21:11:22',NULL);
/*!40000 ALTER TABLE `tbl_classifications` ENABLE KEYS */;
UNLOCK TABLES;

--
-- Table structure for table `tbl_crawling`
--

DROP TABLE IF EXISTS `tbl_crawling`;
/*!40101 SET @saved_cs_client     = @@character_set_client */;
/*!40101 SET character_set_client = utf8 */;
CREATE TABLE `tbl_crawling` (
  `id_crawling` int(11) NOT NULL AUTO_INCREMENT,
  `ig_username` varchar(50) NOT NULL,
  `url` text NOT NULL,
  `follower_count` int(11) NOT NULL,
  `like_count` int(11) NOT NULL,
  `caption_text` text NOT NULL,
  `taken_at` datetime NOT NULL,
  `time_frame` int(2) NOT NULL,
  `is_extracted` tinyint(1) NOT NULL DEFAULT '0',
  `is_normalized` tinyint(1) NOT NULL DEFAULT '0',
  `is_classified` tinyint(1) NOT NULL DEFAULT '0',
  `created` timestamp NOT NULL DEFAULT CURRENT_TIMESTAMP,
  `updated` timestamp NOT NULL DEFAULT CURRENT_TIMESTAMP ON UPDATE CURRENT_TIMESTAMP,
  PRIMARY KEY (`id_crawling`),
  KEY `taken_at` (`taken_at`),
  KEY `ig_username` (`ig_username`)
) ENGINE=InnoDB AUTO_INCREMENT=194 DEFAULT CHARSET=utf8;
/*!40101 SET character_set_client = @saved_cs_client */;

--
-- Dumping data for table `tbl_crawling`
--

LOCK TABLES `tbl_crawling` WRITE;
/*!40000 ALTER TABLE `tbl_crawling` DISABLE KEYS */;
INSERT INTO `tbl_crawling` VALUES (1,'aniesbaswedan','https://instagram.com/p/B5XVKFmAsw-',3888593,100651,'Menerima teman-teman pengemudi angkutan perkotaan (angkot) KWK Jakarta Utara di Pendopo Balaikota siang tadi.⁣\n⁣\nMereka datang menyampaikan aspirasi agar program Pemprov DKI untuk integrasi transportasi umum massal JakLingko diteruskan dan diperluas khususnya di Jakarta Utara.⁣\n⁣\nKami senang dengan kedatangan teman-teman hari ini, berarti program Jaklingko ini yang kita rancang untuk memfasilitasi kepentingan umum bisa menggunakan kendaraan umum dari mana saja yang terintegrasi itu sejalan dengan kepentingan pengemudi dan perusahaan, karena itu mereka ingin bergabung.⁣\n⁣\nOperator angkot merasa diuntungkan, publik juga diuntungkan, jadi ini merupakan contoh bagaimana integrasi bukan hanya aspek transportasinya tapi bisnis modelnya adalah bisnis model yang tidak merugikan bagi operator.⁣\n⁣\nKita berharap para operator bisa merawat kendaraan dengan baik, melakukan update kendaraan secara berkala, kualitas pelayanan baik karena mereka akan berada di dalam sistem JakLingko yang saling menguntungkan.⁣\n⁣\nKami senang dan mudah-mudahan harapan teman-teman bisa segera terlaksana, sebagian armada memang belum bisa bergabung di 2019 karena anggarannya belum cukup tapi insyaAllah di tahun 2020 semua bisa terlibat.⁣\n⁣\n#JakLingko⁣\n#integrasi⁣\n#transportasi⁣\n#KWK⁣\n#angkot','2019-11-27 16:53:07',4,0,0,0,'2019-11-28 12:04:33','2019-11-28 12:04:33'),(2,'aniesbaswedan','https://instagram.com/p/B5RVgVNgwb-',3888593,136556,'Berjalan kaki di gang ini bisa menjadi lebih pintar. :)⁣\n⁣\nMural edukasi ini karya anak-anak muda di Pademangan Timur. Dengan dukungan Kelurahan mereka memperindah tembok-tembok Gang 22 dan Gang 33 di kawasan Jalan Pademangan 2 RT 13 RW 003, Jakarta Utara.⁣\n⁣\nMuralnya bukan sekadar gambar indah/ kata-kata mutiara, tapi materi ilmu pengetahuan dan pelajaran sekolah. Dihadirkan sebagai sarana edukasi bagi warga, khususnya pelajar SDN Pademangan Timur 01 yang sering melewati gang tersebut.⁣\n⁣\nWarga pun bisa menciptakan iklim pembelajaran menyenangkan, cinta ilmu pengetahuan.⁣\n⁣\nAda gang yang menarik seperti ini di lingkungan teman-teman? ⁣\n⁣\n#gangmuraledukasi⁣\n#muraljakarta⁣\n#DKIJakarta⁣\n#JakartaBerkolabo2asi','2019-11-25 09:00:43',2,0,0,0,'2019-11-28 12:04:33','2019-11-28 12:04:33'),(3,'aniesbaswedan','https://instagram.com/p/B5PphHCgcA-',3888593,90176,'Semalam adalah babak baru, sebuah sejarah baru. Untuk pertama kalinya kita bisa memeriahkan Festival Deepavali dan diselenggarakan secara bersama di DKI Jakarta.⁣\n⁣\nIni menegaskan komitmen kami di Jakarta, bahwa Jakarta harus bisa menjadi tempat bagi semua. Rumah bagi semua dimana semua merasakan kesetaraan kesempatan.⁣\n⁣\nDan itu artinya dari seluruh aspek, kita harus fasilitasi. Termasuk bagi masyarakat Hindu, dan khususnya masyarakat Hindu keturunan India. Kita memastikan bahwa semua yang menjadi kebutuhan, apalagi terkait dengan kegiatan keagamaan, akan kita fasilitasi dan tuntaskan di Jakarta.⁣\n⁣\nTermasuk juga libur fakultatif, sejak 2017, kita sudah mengeluarkan Keputusan Gubernur untuk libur fakultatif Deepavali di Jakarta ini. Dan ini tentu menjadi harapan dari semua bahwa bukan hanya 2 Provinsi, Provinsi Bali dan Jakarta yang memberikan libur fakultatif. Mudah-mudahan akan bisa menjadi libur nasional di seluruh provinsi di Indonesia.⁣\n⁣\nApalagi kita menyadari bahwa Indonesia dan India adalah dua negara demokrasi terbesar di dunia. Dua-duanya menghormati prinsip-prinsip demokrasi. Dua-duanya mempraktikkan demokrasi. Dan dua-duanya menjadi rujukan bagi dunia.⁣\n⁣\nIni adalah dua negara yang memiliki sejarah yang jadi inspirasi bagi banyak kemerdekaan di berbagai belahan dunia. Perjuangan Indonesia, perjuangan India dan hari ini kita terhubungkan kembali lewat festival Deepavali.⁣\n⁣\nKebersamaan semalam adalah hasil kolaborasi antara Pemprov DKI Jakarta dengan Gema Sadhana dan Komunitas Hindu India. Dan kita merasakan bahwa kegiatan Deepavali kali ini melibatkan komunitas yang luar biasa. Apresiasi untuk semua pihak yang terlibat mewujudkannya.⁣\n⁣\nFestival Deepavali 23 November 2019 di Pasar Seni Ancol akan dicatat sebagai sejarah sebagai yang pertama kalinya di Jakarta. Kita ingin festival ini nantinya menjadi reguler dan lebih besar lagi. Kita sedang siapkan, nanti festival berikutnya di Pasar Baru yang akan menjadi Little India-nya Jakarta.⁣\n⁣\nKami ingin memfasilitasi komunitas yang selama ini ada di ibukota. Dan sekaligus menarik lebih banyak lagi orang datang ke Jakarta mendapatkan pengalaman yang unik berada di Jakarta.⁣\n⁣\n#Deepavali\n#FestivalDeepavali','2019-11-24 17:17:06',4,0,0,0,'2019-11-28 12:04:33','2019-11-28 12:04:33'),(4,'aniesbaswedan','https://instagram.com/p/B5MOQ87gh6p',3888593,88020,'Melanjutkan jalan-jalan ke Jembatan Antar Kampung (JAK), pagi ini kita ke Koja, Jakarta Utara.⁣\n⁣\nJembatan Kerang Hijau ini menggantung di atas Kali Penghubung Bendungan Melayu. Menghubungkan antara RW 05 Kelurahan Tugu Selatan dan RW 01 Kelurahan Rawa Badak Selatan. Jembatan sepanjang 10 meter dengan lebar dua meter ini mengambil tema kerang hijau karena sesuai dengan karakteristik Jakarta Utara sebagai wilayah pesisir.⁣\n⁣\nJembatan ikonik ini dibangun Sudin Bina Marga Jakarta Utara atas permintaan warga untuk memperbaiki jembatan lama yang sudah tidak layak pakai.⁣\n⁣\nAda jembatan antar kampung yang sudah mengkhawatirkan kondisinya di dekatmu? Silakan laporkan ke kanal pengaduan CRM (Cepat Respon Masyarakat).⁣\n⁣\n#JembatanKerangHijau⁣\n#Koja⁣\n#BinaMargaDKI⁣\n#JembatanAntarKampung⁣\n#CRM','2019-11-23 09:21:15',2,0,0,0,'2019-11-28 12:04:33','2019-11-28 12:04:33'),(5,'aniesbaswedan','https://instagram.com/p/B5KDhmaggvy',3888593,80757,'Terpukau memandang karya-karya foto mempesona ini. Lokasi sama, JPO sama, gedung sama. Yang dipandang sama, tapi dengan mata, pikiran dan hati yang berbeda-beda memunculkan sudut pandang yang beragam dan hasil fotonya pun beda-beda sekali.⁣\n⁣\nLihat saja karya-karya ini. Dan tentu terasa bahwa dari fotografer yang jernih itu memang mengalir karya yang memukau.⁣\n⁣\nSaat pikiran tak jernih, fotopun jadi suram, tiada keindahan. Karya pun nampak pucat, tanpa rasa, tanpa nuansa. Tapi, saat pikiran jernih, hati jernih, dan mata jernih maka foto pun seakan memancarkan keindahan. Foto memukau, tak henti dipandang.⁣\n⁣\nMemang keindahan sebuah foto itu adalah pancaran dari mata, hati dan pikiran fotografernya. Karya fotografi sesungguhnya adalah potret diri fotografernya. ⁣\n⁣\nIni bukan soal profesional atau amatir, bukan sekadar berpengalaman atau tak berpengalaman. Siapa pun bisa memotret. Pemula pun hasilnya bisa mempesona karena pada akhirnya, keindahan karya itu bukan cuma soal mata, tapi justru soal mata hati. ⁣\n⁣\nMari teruslah jadi pribadi-pribadi dengan pikiran jernih, mata jernih dan karya pun jadi memesona...','2019-11-22 13:08:55',3,0,0,0,'2019-11-28 12:04:33','2019-11-28 12:04:33'),(6,'aniesbaswedan','https://instagram.com/p/B5Hu76KgNym',3888593,119296,'Alhamdulillah, Pemprov DKI Jakarta baru saja menerima kembali Penghargaan Keterbukaan Informasi Publik Tahun 2019 yang berdasarkan penilaian oleh Komisi Informasi Pusat Republik Indonesia.⁣\n⁣\nIni menunjukkan komitmen Pemprov DKI Jakarta untuk terus mendukung dan melaksanakan praktik open governance. yang di dalamnya ada komponen transparansi, keterbukaan. Sesuai yang diamanatkan dalam Undang-undang nomor 14/2008 tentang Keterbukaan Informasi Publik. ⁣\n⁣\nTapi yang lebih penting adalah bahwa komitmen Pemprov DKI Jakarta dalam hal keterbukaan informasi ini telah melampaui apa yang telah diarahkan oleh Undang-undang KIP itu sendiri. Kita memberikan akses informasi kepada publik terhadap berbagai aspek kegiatan, dari perencanaan hingga hasil kinerja Pemprov DKI Jakarta. ⁣\n⁣\nJadi kami merasa bersyukur sekali bahwa kategori yang kita dapat adalah ketegori yang tertinggi sebagai Badan Publik yang Informatif, dua tahun berturut-turut. Apresiasi atas kerja keras seluruh jajaran Pejabat Pengelola Informasi dan Dokumentasi (PPID) Dinas Komunikasi, Informatika dan Statistik Pemprov DKI Jakarta.⁣\n⁣\nBerkat mereka semua inovasi, semua karya, semua kolaborasi, yang dilakukan Pemprov DKI selama ini bisa diketahui publik dan kami bisa mengajak publik lebih banyak lagi untuk terlibat di dalam pembangunan di Jakarta. ⁣\n⁣\nKami bersyukur dan akan terus tingkatkan di masa yang akan datang.⁣\n⁣\nppid.jakarta.go.id','2019-11-21 15:30:32',3,0,0,0,'2019-11-28 12:04:34','2019-11-28 12:04:34'),(7,'aniesbaswedan','https://instagram.com/p/B5HYDgWgRw0',3888593,84455,'Kali ini kita ke Jakarta Barat. Jembatan Krendang kini dipercantik oleh Suku Dinas Bina Marga Kota Administrasi Jakarta Barat.⁣\n⁣\nJembatan antar kampung (JAK) ini melintasi Kali Duri, Krendang Tambora Jakarta Barat, menghubungkan Kampung Krendang, khususnya RT.005 RW.07 dengan RPTRA Krendang.⁣\n⁣\nJembatan Krendang terlihat makin menarik pada malam hari sehingga jadi spot baru untuk warga berswafoto. Kita berharap jembatan ini tak hanya bermanfaat bagi warga tapi menjadi ruang ketiga yg menyatukan warga dari dua sisi kali. Kami titipkan pada teman-teman Kampung Krendang agar menjaga dan memelihara jembatan ini.⁣\n⁣\nApakah kamu tinggal di dekat Jembatan Krendang ini? Unggah fotomu, sertakan tagar #JembatanKrendang.⁣\n⁣\n#DinasBinaMargaDKI #pasukankuning #pelayananmasyarakat #kelurahankrendang #kominfotikjb #tambora #JembatanKrendang #jembatanantarkampung #DKIJakarta #WajahBaruJakarta','2019-11-21 12:10:35',2,0,0,0,'2019-11-28 12:04:34','2019-11-28 12:04:34'),(8,'humas.jateng','https://instagram.com/p/B5U5IF6FGDB',11314,371,'\"?????? ???? ???? ??? ????, ????? ????? ??????? ????? ??? ????? ???? ???? ????????????, ??????????? ????????? ??????? ??? ????? ???? ?????????? ?? ?????? ????????? ?? ???? ??????\"\n\nItu yang diungkapkan Gus @tajyasinmz saat bersama @najwashihab di @matanajwa On Stage Sabtu (23/11) lalu. Gus Yasin juga pamerkan sarung bermotif batik yang dikenakan adalah produk pesantren Jawa Tengah. ??\n———\n#HumasJateng #TajYasin #MataNajwaonStage #MataNajwaOnStageSemarang #MataNajwaMudaBerkuasa #Narasitv #NarasiNewsroom #Semarang #JatengGayeng #JawaTengah','2019-11-26 18:09:42',5,0,0,0,'2019-11-28 12:04:39','2019-11-28 12:04:39'),(9,'humas.jateng','https://instagram.com/p/B5Re1s0FiYc',11314,433,'Selamat Hari Guru Nasional #SahabatHumas! ?\n\nKalian sudah baca pidato Peringatan Hari Guru Nasional dari Mas Menteri @kemdikbud.ri Nadiem Makarim?\n\nHanya 2 lembar, isinya langsung ke persoalan dan kalau dibacakan dalam upacara pasti cepat selesai, setidaknya itu komentar Pakdhe @ganjar_pranowo ?\n\nTadi pagi, setelah Upacara Peringatan #HariGuruNasional tingkat Jawa Tengah Padkhe juga punya pesan buat semua para guru, \"???? ????? ??????? & ???????? ????? ?????? ??????? ?? ???????!\" Gimana menurut kalian?\n———\n#HumasJateng #GanjarPranowo #HGN2019 #HariGuruNasional #SelamatHariGuru #HariGuruNasional2019 #MerdekaBelajar #GuruPenggerak #JatengGayeng #JawaTengah','2019-11-25 10:22:17',2,0,0,0,'2019-11-28 12:04:39','2019-11-28 12:04:39'),(10,'humasprovjatim','https://instagram.com/p/B5WhI1OA9Cz',10415,172,'Gubernur Jawa Timur Khofifah Indar Parawansa melepas 119 atlet dan 29 pelatih  kontingan asal Jatim yang akan berlaga di Sea Games Manila 2019. Pelepasan atlet yang dilaksanakan di Hotel Sultan, Jakarta, Selasa malam (26/11) tersebut dihadiri Ketua DPD RI yang juga Ketua Dewan Penyantun KONI Jatim La Nyala Mataliti , Wakil Ketua Umum KONI Sarwono, Yuni Deputy Kemenpora dan Ketua KONI Jatim, Erlangga Satria Agung.\n.\nKesempatan tersebut dimanfaatkan Gubernur Khofifah sekaligus untuk memompa semangat seluruh atlet yang rencananya akan berangkat seluruhnya Kamis (28/11) menuju Manila, Filipina. \"Atlet Jawa Timur harus mampu mengibarkan bendera merah putih dan kumandangkan Indonesia  disana, raihlah emas sebanyak mungkin dan buatlah bangga Indonesia di mata dunia lewat prestasi kalian. Saya yakin Jawa Timur mampu,\" ungkap Khofifah. .\n.\n.\n#gubernurjatim #khofifah #atlet #atletjatim\n#seagames2019 #seagames #koni #olahraga','2019-11-27 09:18:34',2,0,0,0,'2019-11-28 12:04:43','2019-11-28 12:04:43'),(11,'humasprovjatim','https://instagram.com/p/B5T3sePAuFu',10415,167,'Gubernur Jawa Timur Khofifah Indar Parawansa berhasil meraih dua penghargaan sekaligus dalam ajang Penghargaan Organisasi Masyarakat (Ormas) Tahun 2019 yang diselenggarakan oleh Kementerian Dalam Negeri RI di Hotel Kartika Candra Jakarta, Senin (25/11).\n.\nPenghargaan pertama diraih untuk kategori Pemerintah Provinsi Sebagai Pembina Ormas Terbaik. Bahkan Provinsi Jawa Timur merupakan satu- satunya provinsi yang mendapatkan anugerah penghargaan ini.  Sedangkan penghargaan kedua diterima Khofifah selaku Ketua Umum PP Muslimat NU untuk kategori Penghargaan Khusus Bakti Sepanjang Hidup (Long Life Achievement) untuk Muslimat NU.\n.\nPenghargaan tersebut diserahkan secara langsung oleh Menteri Dalam Negeri (Mendagri) Prof. H. Muhammad Tito Karnavian, Ph.D kepada Gubernur Jawa Timur Khofifah Indar Parawansa. Penghargaan kategori Pemerintah Provinsi Sebagai Pembina Ormas Terbaik diberikan karena Pemprov Jatim dianggap mampu dan berhasil membina ormas dengan baik. .\n.\nSecara keseluruhan, Jatim memiliki hampir 14.000 ormas, baik yang berbadan hukum maupun yang legalitasnya dengan surat keterangan terdaftar. Jumlah ormas yang besar ini mampu dikelola Pemprov Jatim. Jatim juga mampu melakukan pemberdayaan dan sinergitas ormas dengan baik. Ruang komunikasi dan koordinasi terjalin dengan lancar, dan ormas ditempatkan sebagai mitra pembangunan Provinsi Jatim.\n.\n.\n.\n#gubernurjatim #khofifah #penghargaan #ormas #penghargaanormas #muslimat #muslimatnu #mendagri #titokarnavian','2019-11-26 08:37:57',2,0,0,0,'2019-11-28 12:04:43','2019-11-28 12:04:43'),(12,'humasprovjatim','https://instagram.com/p/B5SSiU2AXMy',10415,219,'Provinsi Jawa Timur menerima  penghargaan sebagai Provinsi Terbaik dalam dukungan pelaksanaan program Inovasi Desa Tahun 2019. Tidak hanya itu, Gubernur Jawa Timur, Khofifah Indar Parawansa pun memperoleh penghargaan atas dukungannya dalam pelaksanaan program inovasi desa besutan Kementerian Desa, Pembangunan Daerah Tertinggal, dan Transmigrasi.\n. .\nPenghargaan tersebut diserahkan Menteri Koordinator Bidang Pembangunan Manusia dan Kebudayaan, Muhadjir Effendy didampingi Menteri Desa dan PDTT, Abdul Halim Iskandar kepada Gubernur Khofifah di Merlyn Park Hotel, Jakarta, Senin (25/11).\n.\nKhofifah mengatakan, dana desa merupakan stimulus yang diberikan pemerintah untuk menggerakkan perekonomian masyarakat desa. Tentu saja, butuh inovasi dalam pemanfaatannya sehingga memiliki dampak yang besar bagi masyarakat. Besarnya dana yang ditransfer ke desa mampu menjadi pemicu sekaligus pemacu tumbuh dan berkembangnya seluruh potensi desa. .\n.\nUntuk itu mendorong masyarakat desa untuk turut mengawal setiap tahapan penggunaan dana desa yang digunakan dalam membangun infrastruktur, pengembangan ekonomi masyarakat, pendidikan, dan juga kesehatan. .\n.\n#gubernurjatim #khofifah #danadesa #inovasidesa #pembangunandesa #desa','2019-11-25 17:54:01',4,0,0,0,'2019-11-28 12:04:43','2019-11-28 12:04:43'),(13,'humasprovjatim','https://instagram.com/p/B5RG4zGAwYA',10415,167,'Selamat Hari Guru Nasional Tahun 2019. Terimakasih atas pengabdian dan jasamu para guru. Tetaplah menjadi pelita bagi seluruh anak bangsa. Jasamu akan kami kenang selamanya ?\n.\n.\n#hariguru #hutpgri #hariguru2019 #selamathariguru #guru #pahlawantanpatandajasa','2019-11-25 06:52:59',1,0,0,0,'2019-11-28 12:04:43','2019-11-28 12:04:43'),(14,'humasprovjatim','https://instagram.com/p/B5P2F9nAOV0',10415,151,'Dalam Peringatan Hari Guru Tahun 2019 dan HUT Ke-74 Persatuan Guru Republik Indonesia (PGRI)  Tingkat Jawa Timur yang diselenggarakan di JX International Surabaya, pagi ini, Gubernur @khofifah.ip menekankan pentingnya peranan guru dalam mewujudkan SDM  Unggul menuju Indonesia Maju 2045. Untuk mencapai masa depan Indonesia yang cerah perlu didukung peran guru yang ikut meningkatkan kualitas sumber daya manusia. Ini senada dengan tema peringatan Hari Guru Nasional Tahun 2019 dan HUT Ke-74 PGRI Tingkat Jatim yaitu “Peran Strategis Guru Dalam Mewujudkan Sumber Daya Manusia Indonesia Unggul”.\n.\n.\nDalam kesempatan ini Gubernur Khofifah juga menerima penghargaan dari Ketua  PGRI atas kepeduliannya terhadap peningkatan mutu pendidikan di Jawa Timur. Penghargaan tersebut diraihnya dengan berbagai langkah yang dilakukan untuk meningkatkan kualitas pendidikan di Jatim. .\n.\n.\n#gubernurjatim #khofifah #hariguru #hutpgri #hariguru2019 #selamathariguru #guru #pahlawantanpatandajasa','2019-11-24 19:07:00',5,0,0,0,'2019-11-28 12:04:43','2019-11-28 12:04:43'),(15,'humasprovjatim','https://instagram.com/p/B5PoUbwgS-V',10415,281,'Ketua Dewan Kerajinan Nasional Daerah (Dekranasda) Jatim Arumi Emil Elestianto Dardak mengapresiasi penyelenggaraan Mojobatik Festival 2019 yang diselenggarakan di Alun-Alun Mojokerto, Sabtu (23/11) malam. Arumi berharap, acara yang diselenggarakan oleh Pemkot Mojokerto itu dapat semakin menumbuhkan rasa cinta dan sayang terhadap batik khas Kota Mojokerto. Apalagi kegiatan tersebut menampilkan berbagai kreativitas dan inovasi para perajin dan desainer batik.\n.\n.\nMenurutnya, keberadaan batik saat ini telah diakui sebagai warisan budaya asli bangsa Indonesia. Karena itu, sudah menjadi kewajiban bagi warga negara Indonesia untuk senantiasa mencintai dan menjaga warisan leluhur untuk terus dikembangkan dan dilestarikan. Melalui event Mojobatik Festival 2019, Arumi berharap agar event tersebut bisa menjadi sarana yang tepat untuk mengenalkan batik khas Kota Mojokerto kepada masyarakat luas. .\n.\n.\n#mojobatik #arumibachsin #dekranasda\r#dekranasdajatim\n#batik #batikjatim','2019-11-24 17:06:38',4,0,0,0,'2019-11-28 12:04:43','2019-11-28 12:04:43'),(16,'humasprovjatim','https://instagram.com/p/B5O3f9cALh9',10415,156,'Membangun karakter bangsa adalah sebuah keniscayaan dan kebutuhan. Karakter bangsa akan terbangun melalui bangunan karakter pribadi  warga bangsanya. Kedudukan tinggi seseorang tidak akan berarti apapun jika tidak memilki karakter atau akhlak. Maka proses menjaga dan  menyempurnakan akhlak harus terus diikhtiarkan. .\n.\nPesan tersebut disampaikan Gubernur Jawa Timur Khofifah Indar Parawansa saat membuka Emotional Spiritual Quotient (ESQ) New Chapter Character Building Tingkat I di Empire Palace Jl. Blauran Genteng Surabaya, Sabtu (23/11) pagi.\n.\nMenurutnya, mengenali jati diri, lingkungan  serta mengenali sang pencipta dengan berbagai kebesaran ciptaanNya adalah salah satu cara untuk membangun karakter dalam diri seseorang sehingga menjadi insan yang pandai mensyukuri nikmat Allah yang maha  menciptakan kehidupan. Mengenali diri sendiri juga akan membuat seseorang lebih menghargai orang lain dan jauh dari keangkuhan dan kesombongan.\n.\n.\n.\n#gubernurjatim #khofifah #karakterbangsa #jatidiri #trainingesq #esq','2019-11-24 10:00:02',2,0,0,0,'2019-11-28 12:04:43','2019-11-28 12:04:43'),(17,'humasprovjatim','https://instagram.com/p/B5MOZ27A96S',10415,150,'Gubernur Jawa Timur Khofifah Indar Parawansa meminta kepada bupati/walikota dalam menggunakan Daftar Isian Pelaksanaan Anggaran (DIPA) harus bisa tersampaikan kepada penerima manfaat. Ia meminta seluruh pihak tak hanya melakukan \'sent\' program tapi juga memastikan program \'delivered\' pada masyarakat. Seperti beberapa kali disampaikan oleh Presiden.\n.\nPesan itu disampaikannya saat membuka Rapat Koordinasi Provinsi Jawa Timur Tahun 2019 Sinergi Pemerintah Pusat dan Daerah Dalam Rangka Mensukseskan Lima Prioritas Pembangunan Nasional Untuk Mewujudkan Indonesia Maju dan Penyerahan DIPA Tahun Anggaran (TA) 2020 di Convex Grand City Surabaya, Jumat (22/11). .\n.\nMenurutnya penyerahan DIPA kepada bupati/walikota ini juga disertai transfer alokasi dana yang harus sampai ke desa,  total DAK dan alokasi dana transfer daerah dan desa se Jatim  jumlahnya mencapai  Rp. 79,31 triliun. Penyerahan DIPA ini diberikan guna menjalankan program prioritas pembangunan nasional 2019-2024 untuk mewujudkan Indonesia Maju  pada tahun 2045. .\n.\n.\n#gubernurjatim #khofifah #dipa #anggaran','2019-11-23 09:22:28',2,0,0,0,'2019-11-28 12:04:43','2019-11-28 12:04:43'),(18,'humasprovjatim','https://instagram.com/p/B5JgBM2g6E6',10415,257,'Ketua Forum Peningkatan Konsumsi Ikan Nasional (Forikan) Jawa Timur, Arumi Emil Elestianto Dardak mendorong seluruh pihak, untuk membangun mentalitas rutin makan ikan di tengah-tengah masyarakat. Tujuannya agar tingkat konsumsi ikan di Jatim kian meningkat, sehingga kebutuhan gizi masyarakat, khususnya anak-anak terpenuhi.\n.\nMentalitas rutin konsumsi ikan ini harus terus dibangun, sebab ikan memiliki nilai gizi yang tinggi. Selain itu, kita tinggal di negara maritim, dimana wilayah lautannya lebih besar daripada daratan. Dengan demikian, potensi ikan kita sudah pasti sangat banyak, baik ikan laut, maupun ikan tawar. Hal itu disampaikannya saat membuka puncak Hari Ikan Nasional (Harkannas) ke-6 Tahun 2019 di Dyandra Expo Surabaya, Kamis (21/11).\n.\n.\n.\n#arumibachsin\n#forikan #forikanjatim #gemarikan #ayomakanikan','2019-11-22 07:58:40',1,0,0,0,'2019-11-28 12:04:43','2019-11-28 12:04:43'),(19,'humas_jabar','https://instagram.com/p/B5Xw72-Bk3V',88728,476,'Pertemuan tersebut membahas sejumlah peluang kerja sama dari kedua belah pihak?\n.\nTerlebih, Pemda Provinsi Jawa Barat dan Souss Massa Region sudah membuat kesepakatan Sister City pada November 2017 lalu?\n.\nPada kesempatan tersebut, Kang @Ridwankamil menawarkan sejumlah produk unggulan Jabar. Mulai dari kopi, teh, kriya, sampai perikanan. Nah, selain itu Kang Emil juga membuka peluang kerja sama di bidang ekonomi, seperti UMKM dan investasi?\n.\n.\n.\n#JabarKita #JabarJuaraLahirBatin\nDok Humas Jabar by @wdudi75 .\n.\n#banggajadiwargajabar #jawabarat #jabar #HumasJabar #gedungsate #westjava #Ridwankamil #Uuruzhanululum #KerjaSamaLN','2019-11-27 20:55:51',5,0,0,0,'2019-11-28 12:04:49','2019-11-28 12:04:49'),(20,'humas_jabar','https://instagram.com/p/B5Xf41Rhd4t',88728,419,'Nantinya PT Pertamina (Persero) bakal mengintegrasikan kilang dan membangun pabrik yang memproduksi sejumlah produk petrokimia turunan ya di Kabupaten Indramayu?\n.\nKang @Ridwankamil mengatakan tugas Pemerintah Daerah Provinsi Jawa Barat dalam berinvestasi tersebut adalah mengamankan tata ruang dan menunjuk lokasi?\n.\nKarena, lahan yang digunakan lebih dari 200 hektare akan didorong untuk dijadikan Kawasan Ekonomi Khusus (KEK)\n.\n.\n.\n#JabarKita #JabarJuaraLahirBatin\nDok Humas Jabar by @sleepybro_ .\n.\n#banggajadiwargajabar #jawabarat #jabar #HumasJabar #gedungsate #westjava #Ridwankamil #Uuruzhanululum','2019-11-27 18:26:53',5,0,0,0,'2019-11-28 12:04:49','2019-11-28 12:04:49'),(21,'humas_jabar','https://instagram.com/p/B5W_WEFhtsi',88728,544,'Wilujeng siang wargi Jabar sadayana ?\n.\nSaatos tuang sareng rerencangan di kantor atanapi di sakola, raos upami ngaemutan deui kecap sesebutan sipat jalma ?\n.\nDinten ieu, #Kangmin sareng Tim Humas Jabar bade masihan sababaraha kecap sesebutan, hayu diajar sasarengan wargi?\n.\n.\n.\n#JabarKita #JabarJuaraLahirBatin\nInfografis by @gunturrofika .\n.\n#banggajadiwargajabar #jawabarat #jabar #HumasJabar #gedungsate #westjava #Ridwankamil #Uuruzhanululum #Rebonyunda','2019-11-27 13:42:31',3,0,0,0,'2019-11-28 12:04:49','2019-11-28 12:04:49'),(22,'humas_jabar','https://instagram.com/p/B5WXTt-h1qz',88728,436,'“Tandur”merupakan istilah dalam pertanian masyarakat tanah Sunda yaitu singkatan dari bahasa sunda “Tanam Mundur”(Tandur)?\n.\nCara menanam padi ini dilakukan dengan membungkuk mundur, oleh karena itu munculah sebutan kata tandur wargi?\n.\nBenih padi ditanam di antara pertemuan garis lurus yang memanjang dan memotong pada satu petak sawah, sehingga terlihat rapi?\n.\nAda ga nih wargi Jabar yang pagi ini sedang \"tandur\" di desa tercintanya ? .\n.\n#JabarKita #JabarJuaraLahirBatin\nDokumentasi by @tembangsunda taken at Cisalak, Subang, Jawa Barat.\n. .\n.\n#banggajadiwargajabar #jawabarat #jabar #HumasJabar #gedungsate #westjava #Ridwankamil #Uuruzhanululum #DesaWisataJabar','2019-11-27 07:52:40',1,0,0,0,'2019-11-28 12:04:49','2019-11-28 12:04:49'),(23,'humas_jabar','https://instagram.com/p/B5UoLach7i7',88728,564,'Melalui Musyawarah Nasional (Munas) ke-VI Asosiasi Pemerintah Provinsi Seluruh Indonesia (APPSI) di Jakarta, Menteri Dalam Negeri (Mendagri) Republik Indonesia (RI) Tito Karnavian mendorong gubernur untuk berimprovisasi dalam meningkatkan Pendapatan Asli Daerah (PAD).\n.\nKang @Ridwankamil  getol menawarkan berbagai proyek strategis di provinsi dengan jumlah penduduk terbesar se-Tanah Air ini melalui forum investasi, antara lain West Java Investment Summit (WJIS) 2019 dan US-Indonesia Investment Summit.\n.\nPemda Provinsi Jawa Barat pun memiliki konsep delapan pintu anggaran dalam membangun Jabar. Selain APBD, pembangunan provinsi dengan jumlah penduduk terbesar se-Tanah Air ini bersumber dari dana umat hingga Corporate Social Responsibility (CSR).\n.\n.\n.\n#JabarKita #JabarJuaraLahirBatin\nDok Humas Jabar by @tatang.tarsiman .\n.\n#banggajadiwargajabar #jawabarat #jabar #HumasJabar #gedungsate #westjava #Ridwankamil #Uuruzhanululum','2019-11-26 15:41:36',3,0,0,0,'2019-11-28 12:04:49','2019-11-28 12:04:49'),(24,'humas_jabar','https://instagram.com/p/B5Ts4_JB43F',88728,605,'Selamat pagi Selasa, selalu berjuang tanpa putus asa ?\n.\nBegitupun dengan segenap jajaran @Infobijb yang sudah 5 tahun membangun dan mengelola Bandara kebanggaan Jawa Barat ?\n.\nKemarin, 25 November 2019 PT BIJB (Perseroda) berulang tahun yang ke-5 lhoo wargi ?\n.\nApanih harapan dan doa wargi untuk Bandara Kertajati ini ?\n.\n.\n.\n#JabarKita #JabarJuaraLahirBatin\nDokumentasi from @infobijb .\n.\n#banggajadiwargajabar #jawabarat #jabar #HumasJabar #gedungsate #westjava #Ridwankamil #Uuruzhanululum #bijbkertajati #BangunJabar','2019-11-26 07:03:32',1,0,0,0,'2019-11-28 12:04:51','2019-11-28 12:04:51'),(25,'humas_jabar','https://instagram.com/p/B5SOIydBAwu',88728,425,'\"Guru Indonesia yang tercinta, tugas anda adalah yang termulia sekaligus yang tersulit\"\n.\nSalah satu petikan isi pidato dari Menteri Pendidikan dan Kebudayaan (Mendikbud) RI Nadiem Makarim dalam momentum Hari Guru Nasional Tahun 2019?\n.\nMenurut Kang @Ridwankamil arahan Mendikbud berkaitan dengan perubahan metode pembelajaran di sekolah?\n.\n\"Pak Menteri mengajak guru untuk membuat situasi belajar itu menjadi menyenangkan. Tidak hanya urusan menghafal, tapi juga bakti sosial, berpetualang, mengasah keterampilan, dan murid disuruh berani menyampaikan gagasan\"\n- Ridwan Kamil, Gubernur Jawa Barat.\n.\n.\n.\n#JabarKita #JabarJuaraLahirBatin\nDok Humas Jabar by @tatang.tarsiman .\n.\n#banggajadiwargajabar #jawabarat #jabar #HumasJabar #gedungsate #westjava #Ridwankamil #Uuruzhanululum #HariGuruNasional2019','2019-11-25 17:15:34',4,0,0,0,'2019-11-28 12:04:51','2019-11-28 12:04:51'),(26,'humas_jabar','https://instagram.com/p/B5Ouk3shPt1',88728,559,'Selamat berakhir pekan wargi Jabar ?\n.\nBobotoh yang hari ini nyetadion cuuung ☝️\n.\nJangan lupa untuk senantiasa menjaga fasilitas Stadion Si Jalak Harupat ya wargi ?\n.\nSemoga hari ini @Persib_official bisa meraih tiga point atas @psbaritoputeraofficial yaa?\n.\n.\n.\n#JabarKita #JabarJuaraLahirBatin\nFoto keren ini diabadikan oleh kang @randi_suryanagara .\n.\n#banggajadiwargajabar #jawabarat #jabar #HumasJabar #gedungsate #westjava #Ridwankamil #Uuruzhanululum #Persibday','2019-11-24 08:42:04',2,0,0,0,'2019-11-28 12:04:51','2019-11-28 12:04:51'),(27,'humas_jabar','https://instagram.com/p/B5NiGwqBD01',88728,478,'Bekerja sama dengan Bank Indonesia, Pemerintah Daerah Provinsi Jawa Barat membuat Pilot Project Pusat Distribusi Provinsi (P3DP) Jawa Barat?\n.\nP3DP digagas untuk menjaga inflasi dan stabilitas harga bahan kebutuhan pokok masyarakat?\n.\n\"Kami tambahkan pusat distribusi bekerja sama dengan Bank Indonesia, supaya kita bisa menjaga inflasi. Karena kalau sudah inflasi, yang mahal harga dapur\"\n- @Ridwankamil Gubernur Jawa Barat. .\n.\n.\n#JabarKita #JabarJuaraLahirBatin\nDok Humas Jabar by @yanaimisiana .\n.\n#banggajadiwargajabar #jawabarat #jabar #HumasJabar #gedungsate #westjava #Ridwankamil #Uuruzhanululum','2019-11-23 21:33:51',5,0,0,0,'2019-11-28 12:04:51','2019-11-28 12:04:51'),(28,'humas_jabar','https://instagram.com/p/B5MABW4Bcbh',88728,406,'Selamat pagi Wargi Jabar?\n.\nTadi malam ada acara keren lho di Kabupaten Bandung Barat, ada yang datang langsung kesana gak nih ? Yap acara Festival Film Bandung (FFB) 2019?\n.\nFFB ini digelar sebagai bentuk komitmen dari Pemda Provinsi Jawa Barat dalam mendukung perkembangan industri kreatif dan film nasional?\n.\nKang @Ridwankamil berharap kualitas perfilman nasional yang konsisten bisa membawa film-film Indonesia semakin berjaya di masa depan?\n.\n\"Kita juga ingin film ini menjadi industri kreatif, menambah visi Jawa Barat sebagai provinsi pariwisata juga provinsi ekonomi kreatif\"\n- Ridwan Kamil, Gubernur Jawa Barat.\n.\n.\n#JabarKita #JabarJuaraLahirBatin\nDok Humas Jabar by @yanaimisiana .\n.\n#banggajadiwargajabar #jawabarat #jabar #HumasJabar #gedungsate #westjava #Ridwankamil #Uuruzhanululum #FestivalFilmBandung','2019-11-23 07:16:47',1,0,0,0,'2019-11-28 12:04:52','2019-11-28 12:04:52'),(29,'humas_jabar','https://instagram.com/p/B5KZzGjhP-_',88728,1067,'Wilujeng sonten, wilujeng leleson wargi Jabar?\n.\nKemarin, Presiden RI @Jokowi telah mengumumkan 7 Staff Khusus Presiden periode 2019-2024 lho wargi ?\n.\nKetujuh staff khusus tersebut merupakan anak muda Indonesia yang berbakat, keren dan tentunya menginspirasi dong?\n.\nKuy wargi Jabar, kita sama-sama bersinergi bersama mereka untuk memberikan gagasan segar yang inovatif demi mewujudkan visi misi Presiden dan Wakil Presiden RI Periode 2019-2024 dalam menjadikan negara kita Maju dan SDM Unggul?\n.\n.\n.\n#JabarKita #JabarJuaraLahirBatin\nInfografis by @kemensetneg.ri .\n.\n#banggajadiwargajabar #jawabarat #jabar #HumasJabar #gedungsate #westjava #Ridwankamil #Uuruzhanululum #Jokowi #Marufamin #Staffkhususpresiden','2019-11-22 16:23:33',4,0,0,0,'2019-11-28 12:04:53','2019-11-28 12:04:53'),(30,'humas_jabar','https://instagram.com/p/B5IKI2JBcwZ',88728,872,'Alhamdulillah Provinsi Jawa Barat (Jabar) mendapat penghargaan sebagai salah satu Provinsi Informatif di ajang Anugerah Keterbukaan Informasi Publik (KIP) 2019?\n.\nMenurut Kang @Ridwankamil tersebut menandakan bahwa Jawa Barat sebagai Provinsi yang taat pada aturan hukum?\n.\n\" Alhamdulillah, Jawa Barat mendapatkan anugerah salah satu provinsi yang paling informatif dalam keterbukaan informasi publik. Kategorinya informatif, menuju informatif, kurang informatif, dan tidak informatif\"\n- Gubernur Jabar, Ridwan Kamil\n.\n.\n.\n#JabarKita #JabarJuaraLahirBatin\nDok Humas @kemensetneg.ri .\n.\n#banggajadiwargajabar #jawabarat #jabar #HumasJabar #gedungsate #westjava #Ridwankamil #Uuruzhanululum','2019-11-21 19:28:13',5,0,0,0,'2019-11-28 12:04:53','2019-11-28 12:04:53'),(31,'jokowi','https://instagram.com/p/B5RtKzLBca9',26786079,522679,'Dunia berkembang dan berubah cepat, teknologi kian mutakhir. Dan di tengah perubahan itu, para guru dituntut untuk tidak sekadar mengajar, tetapi juga mendidik dengan lebih fleksibel, kreatif, menarik, dan lebih menyenangkan.\n\nGuru tidak akan pernah tergantikan oleh mesin secanggih apa pun. Guru membentuk karakter anak bangsa dengan budi pekerti, toleransi, dan nilai-nilai kebaikan. Guru menumbuhkan empati sosial pada diri anak didik, membangun imajinasi dan kreativitas, serta mengokohkan semangat persatuan dan kesatuan bangsa.\n\nGuru adalah penggerak Indonesia Maju.','2019-11-25 12:27:29',2,0,0,0,'2019-11-28 12:04:58','2019-11-28 12:04:58'),(32,'jokowi','https://instagram.com/p/B5P00e6hd15',26786079,886462,'Desa Gamcheon tadinya adalah kampung yang kumuh di Busan, Korea Selatan. Sudah kumuh, lokasinya pun sulit: di lereng gunung yang curam. Sampai kemudian desa ini berbenah, ditata, diberdayakan.\n\nJadilah Gamcheon Culture Village sebagai salah satu tujuan wisata yang ramai, bahkan dikenal dengan sebutan “Machu Picchu-nya Busan”. Mengisi hari Minggu di Busan, saya mengunjungi desa budaya Gamcheon selepas siang tadi. Luar biasa. Rumah-rumah yang dicat berwarna-warni, dinding-dindingnya dihiasi beragam karya seni seperti mural. Jalan-jalan dan lorongnya yang sempit dipenuhi toko cenderamata, galeri seni, dan tempat makan.\n\nDari sebuah kafe di ketinggian, saya dan Ibu Negara menikmati pemandangan atap-atap bangunan yang seolah bertumpuk seraya menikmati makanan khas Korea Selatan.\n\nPenataan Desa Gamcheon mengingatkan saya model serupa di Tanah Air seperti yang ada di Klaten, Yogyakarta, atau di Nglanggeran, Gunung Kidul. Gamcheon bisa menjadi inspirasi bagi kepala daerah kita, bagi kampung-kampung kita, bagi desa-desa kita, bahwa yang kumuh pun kalau ditata dengan baik, bisa meningkatkan ekonomi masyarakat.','2019-11-24 18:55:52',5,0,0,0,'2019-11-28 12:04:58','2019-11-28 12:04:58'),(33,'jokowi','https://instagram.com/p/B5O-MbPBEa2',26786079,635923,'Temukan saya dalam gambar ini. Ada jurnalis, juru kamera, dan yang terbanyak adalah orang-orang yang tengah mengacungkan sehelai kertas. Kertas itu adalah lembar-lembar sertifikat hak milik atas sebidang tanah yang penerbitannya kita percepat semenjak tiga tahun terakhir.\n\nSaya ingat, pada akhir 2014 lalu saya mendapat laporan bahwa ada 126 juta bidang tanah di seluruh Tanah Air yang belum bersertifikat. Dari jumlah tersebut, baru 46 juta bidang yang diselesaikan.\n\nSementara, setiap tahun badan pertanahan hanya bisa menerbitkan 500 ribu sertifikat. Saya pernah merasakan jadi rakyat biasa, tahu betapa sulit dan berbelitnya mengurus sertifikat hak atas tanah. Kalau masih terus begitu, butuh 160 tahun lagi untuk menyelesaikan semua sertifikat lahan di Indonesia ini.\n\nAlhamdulillah, sejak tahun 2017, pendaftaran bidang tanah di Indonesia meningkat lebih sepuluh kali lipat. Dari lima juta lembar sertifikat tahun 2017, naik jadi sembilan juta tahun 2018, dan sampai November 2019 ini sudah 8,5 juta. Saya sendiri kerap menyerahkan langsung sertifikat tanah itu di setiap kunjungan ke daerah.','2019-11-24 10:58:32',2,0,0,0,'2019-11-28 12:04:58','2019-11-28 12:04:58'),(34,'jokowi','https://instagram.com/p/B5MuUFZB47A',26786079,677330,'Bertolak menuju Busan, Korea Selatan, siang ini, untuk kunjungan selama tiga hari.\n\nDi Busan, saya menghadiri rangkaian acara Konferensi Tingkat Tinggi (KTT) ASEAN-RoK, juga mengadakan pertemuan bilateral dengan Presiden Moon Jae-in, dan bertemu beberapa pemimpin perusahaan Korea Selatan.\n\nSelain itu, saya juga akan menemui kelompok ilmuwan dan peneliti muda Indonesia di negara itu.\n\nSelamat berakhir pekan.','2019-11-23 14:01:18',3,0,0,0,'2019-11-28 12:04:58','2019-11-28 12:04:58'),(35,'jokowi','https://instagram.com/p/B5KyPHbBxOW',26786079,559704,'Indonesia sebagai negara kepulauan terbesar di dunia, harus menjadi sebuah kekuatan regional yang baik dan disegani. Salah satunya ya dengan memperkuat alat utama sistem persenjataan (alutsista), yang modern, sejalan dengan perkembangan teknologi, sekaligus memperkuat industri pertahanan di dalam negeri.\n\nItulah yang saya tegaskan dalam rapat terbatas mengenai kebijakan pengadaan alutsista di Jakarta hari ini.\n\nSaya meminta jajaran terkait membuat rencana dan peta jalan yang jelas mengenai pengembangan industri alat pertahanan di dalam negeri. Peta jalan itu harus dapat menghubungkan industri alat pertahanan dari hulu ke hilir dan melibatkan BUMN dan pihak swasta. Dengan begitu, kita bisa mengurangi ketergantungan pada impor alutsista.\n\nSelain itu, pengadaan alutsista  jangan lagi berorientasi pada penyerapan anggaran, apalagi sekadar proyek. Kita hentikan cara-cara seperti itu.\n\nKalau pun ada impor alutsista dan kerja sama pertahanan dengan negara lain, saya minta kepastian alih teknologi kepada bangsa Indonesia.\n\nKarena itulah, kita tidak akan membeli alutsista yang teknologinya sudah usang.','2019-11-22 19:57:05',5,0,0,0,'2019-11-28 12:04:58','2019-11-28 12:04:58'),(36,'jokowi','https://instagram.com/p/B5IQPLNB1oF',26786079,591909,'Tujuh anak muda  ini adalah jembatan saya ke anak-anak muda, para santri, para diaspora yang tersebar di berbagai tempat untuk bersama-sama membangun bangsa ini. Sebagai staf khusus presiden, mereka akan jadi teman diskusi saya setiap bulan, setiap minggu, atau setiap hari.\n\nBersama mereka, saya bisa mencari cara yang out of the box, yang melompat, mengejar kemajuan.','2019-11-21 20:21:31',5,0,0,0,'2019-11-28 12:04:59','2019-11-28 12:04:59'),(37,'kaltaraprov','https://instagram.com/p/B5Rs49Wjx5X',14282,404,'Sesuai jadwal, tahap pendaftaran online dan penyerahan berkas persyaratan seleksi CPNS di lingkup Pemprov Kaltara Tahun 2019 akan ditutup pada 28 November 2019 mendatang. Meski demikian, jadwal tersebut masih tentatif dan bisa berubah. Tergantung keputusan dari Badan Kepagawaian Nasional (BKN)-selaku Panitia Seleksi Nasional (Penselnas) penerimanaan CPNS. .\nMelihat waktu yang kian mepet, Kepala @bkdkaltara Burhanuddin melalui Kepala Bidang Pengembangan dan Perencanaan Pegawai Denny Prayudi, meminta kepada para calon pelamar agar menyiapakan berkasnya sesuai dengan persyaratan yang ditentukan. “Kalau sesuai pengumuman hasil seleksi administrasi CPNS akan diumumkan pada 16 Desember 2019, namun jadwal ini masih tentatif dan dapat berubah sewaktu-waktu,” ungkap Deny. (@mukhlis.mhsut72)\n.\nCek keterangan lengkapnya di:\nhttps://humas.kaltaraprov.go.id\n.\n? by: @abdulghaf\n.\n#kaltarapastiterdepan\n#kaltaraprov\n#infokaltara \n#beritakaltara19\n#humasprovkaltara \n#humprosetdakaltara','2019-11-25 12:25:03',2,0,0,0,'2019-11-28 12:05:03','2019-11-28 12:05:03'),(38,'kaltaraprov','https://instagram.com/p/B5RehZ9Hwo0',14282,299,'DIPA\n\nGubernur Kaltara @irianto_lambrie menyerahkan secara simbolik dana DIPA dan TKDD 2020 kepada pemerintah daerah, instansi vertikal dan Satker lainnya.\n_\n? : @anggrinogilangverlando\n.\n#kaltarapastiterdepan\n#kaltaraprov\n#infokaltara \n#beritakaltara19\n#humasprovkaltara \n#humprosetdakaltara','2019-11-25 10:19:30',2,0,0,0,'2019-11-28 12:05:03','2019-11-28 12:05:03'),(39,'kaltaraprov','https://instagram.com/p/B5RVcxMo9lS',14282,476,'Sesuai dengan Surat Keputusan (SK) Gubernur Kalimantan Utara (Kaltara) No. 188.44/K.719/2019, tentang Upah Minimum Provinsi Kaltara Tahun 2020, Upah Minum Provinsi (UMP) di Kaltara pada 2020 ditetapkan sebesar Rp 3.000.804. Naik sebesar 8,51 persen dibandingkan dengan UMP tahun 2019 sebesar Rp 2.765.463. “Angka tersebut sesuai dengan formulasi yang menjadi ketetapan Kementerian Tenaga Kerja Republik Indonesia (Kemenker RI). Kenaikannya sebesar 8,51 persen dan telah disepakati oleh Dewan Pengupahan Kaltara,” ujar Armin Mustafa, Kepala @nakertrans_provkaltara didampingi Kabid Pengawasan Tenaga Kerja dan Hubungan Industrial (HI), Asnawi.\n.\nArmin mengatakan, sebelumnya Kemenaker RI menetapkan UMP tahun 2020 sebesar 8,51 persen. Di mana, hal itu tertuang dalam Surat Edaran (SE) Nomor B-m/308/HI.01.00/X/2019 tanggal 15 Oktober 2019, tentang Penyampaian Data Tingkat Inflasi Nasional dan Pertumbuhan Produk Domestik Bruto Tahun 2019. Dalam SE ini, menjelaskan bahwa inflasi nasional tercatat 3,39 persen dan pertumbuhan ekonomi nasional 5,12 persen, kemudian diakumulasi menjadi besaran kenaikan UMP 2020. “Kenaikan UMP memberi efek maksimal terhadap kesejahteraan pekerja,” ungkap Armin. (@iqbalhaerani)\n.\nCek keterangan lengkapnya di:\nhttps://humas.kaltaraprov.go.id\n.\n? by: @adhie_project\n.\n#kaltarapastiterdepan\n#kaltaraprov\n#infokaltara \n#beritakaltara19\n#humasprovkaltara \n#humprosetdakaltara','2019-11-25 09:00:14',2,0,0,0,'2019-11-28 12:05:03','2019-11-28 12:05:03'),(40,'kaltaraprov','https://instagram.com/p/B5HQkQMIeCq',14282,249,'Mereka terdiri dari, Tenaga Kerja Asing (TKA) sebanyak 254 orang, orang asing yang memiliki Kartu Ijin Tinggal Sementara (KITAS) 295 orang, memiliki Kartu Ijin Tinggal Tetap (KITAP) 9 orang, dan kunjungan 1 orang. Selain itu, dilaporkan juga bahwa sepanjang Januari hingga November 2019, jumlah orang asing yang keluar-masuk Kaltara sebanyak 187 orang.\n_\nDiungkapkan Kepala Badan Kesbangpol Kaltara, Basiran, pengawasan orang asing ini melibatkan beberapa instansi. Seperti, TKA yang diawasi oleh satuan tugas (Satgas) TKA yang dibawahi Dinas Tenaga Kerja dan Transmigrasi (Disnakertrans). “Pemantauan orang asing didasarkan pada Permendagri No. 49/2010, tentang Pemantauan Orang Asing dan Organisasi Masyarakat Asing di Daerah, dan Permendagri No. 50/2010 untuk pengawasan TKA,” jelas Basiran yang ditemui di ruang kerjanya, kemarin (20/11).\n_\nBaca selengkapnya di humas.kaltaraprov.go.id','2019-11-21 11:05:09',2,0,0,0,'2019-11-28 12:05:04','2019-11-28 12:05:04'),(41,'kumparancom','https://instagram.com/p/B5Xxh04D6F6',654741,11416,'Delegasi Indonesia tak sengaja makan daging babi di SEA Games 2019. Hal tersebut terjadi lantaran kurangnya informasi makanan halal dan nonhalal dari panitia.  Ketua Umum Komite Olimpiade Indonesia (KOI), Raja Sapta Oktohari. menegaskan agar cabang olahraga lebih teliti terhadap makanan. KOI menyesalkan insiden tersebut. Pihak KOI pun sudah meminta kepada penyelenggara SEA Games untuk memberi perhatian lebih soal makanan.⁠\n-⁠\nSimak selengkapnya dengan klik link di bio, ﻿atau download aplikasi kumparan di App Store dan Google Play.⁠\n-⁠⠀⁠\n#kumparanSPORT #halal #makanan #makananhalal #seagames #kontingen #sepakbola #sepakbolaindonesia #trendingtopic #info #videoviral #videooftheday #beritahariini #berita #beritaterkini #terbaru #indonesia #viral #news #like4like #instalike #repost #instadaily #instanews #instavideo #kumparan','2019-11-27 21:06:05',5,0,0,0,'2019-11-28 12:05:16','2019-11-28 12:05:16'),(42,'kumparancom','https://instagram.com/p/B5XqsENDvZ3',654741,6256,'Menteri Agama Fachrul Razi menyebut FPI sudah membuat pernyataan untuk setia pada Pancasila dan NKRI. Hal itu terkait dengan perpanjangan izin Surat Keterangan Terdaftar (SKT) FPI di Kemendagri yang membutuhkan surat rekomendasi dari Kemenag. Namun, ia menuturkan, pihaknya masih akan mendalami dulu pernyataan tersebut secepatnya. ⁠\n-⁠\nSimak selengkapnya dengan klik link di bio, ﻿atau download aplikasi kumparan di App Store dan Google Play.⁠\n-⁠⠀⁠\n#kumparanNEWS #menteriagama #fachrulrazi #menag #agama #fpi #kemenag #nkri #pancasila #trendingtopic #info #videoviral #videooftheday #beritahariini #berita #beritaterkini #terbaru #indonesia #viral #news #like4like #instalike #repost #instadaily #instanews #instavideo #kumparan','2019-11-27 20:01:16',5,0,0,0,'2019-11-28 12:05:17','2019-11-28 12:05:17'),(43,'kumparancom','https://instagram.com/p/B5XmJmMFJDG',654741,3475,'Komedian Nunung dan suaminya July Jan Sambiran, divonis bersalah melakukan tindak pidana penyalahgunaan narkotika. Mereka terbukti melanggar Pasal 127 ayat 1 Undang-Undang Nomor 35 Tahun 2019 Tentang Narkotika.\n-\nDalam putusannya, majelis hakim menyatakan Nunung dan Iyan terbukti secara sah melanggar tindak pidana penyalahgunaan narkotika golongan 1 bagi diri sendiri.\n-\nSimak selengkapnya dengan klik link di bio, ﻿atau download aplikasi kumparan di App Store dan Google Play.⁠\n-⁠\n#kumparanHITS #nunung #narkoba #vonisnunung #trendingtopic #info #videoviral #videooftheday #beritahariini #berita #beritaterkini #terbaru #indonesia #viral #news #like4like #instalike #repost #instadaily #instanews #instavideo #kumparan','2019-11-27 19:21:36',5,0,0,0,'2019-11-28 12:05:17','2019-11-28 12:05:17'),(44,'kumparancom','https://instagram.com/p/B5XjUU7ln8f',654741,3411,'Jadi, pekerjaan sambilan apa nih yang cocok buat kamu? Share di kolom komentar, ya!\n-\nCari tahu informasi atau tips-tips untuk si pejuang loker, di kum.pr/InfoLoker. Jangan lupa klik subscribe untuk mendapatkan notifikasi jika ada story terbaru, ya!\n-\n#infoloker #job #karier #tips #job #trendingtopic #info #videoviral #videooftheday #beritahariini #berita #beritaterkini #terbaru #indonesia #viral #news #like4like #instalike #repost #instadaily #instanews #instavideo #kumparan','2019-11-27 18:56:51',5,0,0,0,'2019-11-28 12:05:17','2019-11-28 12:05:17'),(45,'kumparancom','https://instagram.com/p/B5XgTvLACXG',654741,8141,'PT MRT Jakarta baru beroperasi secara komersial pada Bulan April 2019. Namun, penumpang @mrtjkt yang ditargetkan hanya 65.000 sehari saat ini sudah mencapai 90.000 penumpang. Jumlah penumpang itu menambah penghasilan MRT Jakarta dari segi pembelian tiket, serta tambahan pemasukan dari non tiket seperti iklan dan penamaan stasiun.⁠\n-⁠\nDirektur Utama MRT Jakarta William Syahbandar mengungkapkan, sejauh ini pihaknya sudah mendapatkan laba sebesar 60-70 miliar. Angka laba bersih itu baru perhitungan dari pihak MRT. Secara resmi MRT Jakarta masih menunggu audit terkait jumlah pendapatan di tahun 2019.⁠\n-⁠\nSimak selengkapnya dengan klik link di bio, ﻿atau download aplikasi kumparan di App Store dan Google Play.⁠\n-⁠\n#kumparanBISNIS #mrt #mrtjakarta #bisnis #kereta #bisnismrt #labamrtjakarta #trendingtopic #info #videoviral #videooftheday #beritahariini #berita #beritaterkini #terbaru #indonesia #viral #news #like4like #instalike #repost #instadaily #instanews #instavideo #kumparan.⁠','2019-11-27 18:30:33',5,0,0,0,'2019-11-28 12:05:17','2019-11-28 12:05:17'),(46,'kumparancom','https://instagram.com/p/B5XdBmdDuCF',654741,3107,'Penyanyi Agnez Mo menjadi pembicaraan karena ucapan kontroversial yang mengungkapkan dirinya tidak memiliki darah Indonesia, saat wawancara dengan media AS, Build Series by Yahoo, belum lama ini. Namun, @agnezmo sudah memberikan klarifikasi terkait hal itu. Bagaimana tanggapan kalian?⁠\n-⁠\n#reaksinetizen #penyanyi #agnezmo #agnes #wawancara #interview #buildseries #mediaas #trendingtopic #info #videoviral #videooftheday #beritahariini #berita #beritaterkini #terbaru #indonesia #viral #news #like4like #instalike #repost #instadaily #instanews #instavideo #kumparan','2019-11-27 18:01:52',5,0,0,0,'2019-11-28 12:05:17','2019-11-28 12:05:17'),(47,'kumparancom','https://instagram.com/p/B5XV3EoFODw',654741,10775,'Pengusaha properti terkemuka, Ciputra, meninggal dunia di Singapura pada Rabu (27/11) sekitar pukul 01.05 waktu setempat. Sebagai arsitek dan pengusaha properti, Ciputra diketahui memiliki minat besar terhadap seni. Berikut rekam jejaknya semasa hidup.\n-\nSimak selengkapnya dengan klik link di bio, ﻿atau download aplikasi kumparan di App Store dan Google Play.⁠\n-⁠⠀⁠\n#kumparanBISNIS #ciputra #ciputragroup #bisnis #founderciputrameninggal #trendingtopic #info #videoviral #videooftheday #beritahariini #berita #beritaterkini #terbaru #indonesia #viral #news #like4like #instalike #repost #instadaily #instanews #instavideo #kumparan','2019-11-27 16:59:16',4,0,0,0,'2019-11-28 12:05:17','2019-11-28 12:05:17'),(48,'kumparancom','https://instagram.com/p/B5XEz2UAln5',654741,14782,'Bagi jubir Presiden Jokowi, Fadjroel Rachman, tidak ada yang salah dengan pernyataan Agnez Mo. Kata dia, @agnezmo hanya menceritakan asal-usulnya.⁠\n-⁠\n\"Dia bercerita tentang asal-usul dirinya, memuji keberagaman negeri tempat dia dilahirkan,\" ungkap dia.⁠\n-⁠\nFadjroel menambahkan, selama ini Agnez Mo telah membawa nama Indonesia dalam kancah musik internasional. Ia pun memotivasi warga negara Indonesia untuk bisa berbuat demikian, dengan caranya masing-masing.⁠\n-⁠\nSimak selengkapnya dengan klik link di bio, ﻿atau download aplikasi kumparan di App Store dan Google Play.⁠\n-⁠\n#kumparanNEWS #jubirpresiden #agnezmo #agnes #wawancara #interview #buildseries #mediaas #trendingtopic #info #videoviral #videooftheday #beritahariini #berita #beritaterkini #terbaru #indonesia #viral #news #like4like #instalike #repost #instadaily #instanews #instavideo #kumparan','2019-11-27 14:30:16',3,0,0,0,'2019-11-28 12:05:17','2019-11-28 12:05:17'),(49,'kumparancom','https://instagram.com/p/B5XBb81DX1B',654741,9296,'Zhu Zhong-fa, pria berusia 43 tahun asal Hangzhou, China mengalami sakit kepala yang berlangsung satu bulan lamanya. Dokter pun kemudian memindai otaknya dan mendapati ratusan cacing pita hidup di sana.⁠\n-⁠\nMenurut laporan News 18, Zhu mengunjungi rumah sakit First Affiliated Hospital of College of Medicine, Zhejiang University, dengan keluhan sakit kepala yang disertai kejang. Setelah dilakukan MRI pada otak pasien, hasilnya otak pasien menderita kerusakan cukup parah yang diakibatkan oleh cacing pita atau disebut sebagai neurocysticercosis.⁠\n-⁠\nSimak selengkapnya dengan klik link di bio, ﻿atau download aplikasi kumparan di App Store dan Google Play.⁠\n-⁠\n#kumparanSAINS #otak #cacingpita #penyakit #sakitkepala #china #dokter #rumahsakitchina #trendingtopic #info #videoviral #videooftheday #beritahariini #berita #beritaterkini #terbaru #indonesia #viral #news #like4like #instalike #repost #instadaily #instanews #instavideo #kumparan.⁠','2019-11-27 14:00:48',3,0,0,0,'2019-11-28 12:05:18','2019-11-28 12:05:18'),(50,'kumparancom','https://instagram.com/p/B5W2f2DDt-k',654741,20447,'Sebuah mobil \"terjun bebas\" dari atas flyover, menimpa pejalan kaki di bawahnya. Satu orang tewas dan tiga lainnya terluka dalam kecelakaan itu. Video kecelakaan di India ini pun viral di media sosial.⁠\n-⁠\nMenurut media India Hindustan Times, peristiwa itu terjadi pada Sabtu lalu (23/11). Mobil sedan Volkswagen itu melaju dengan kecepatan tinggi di jalan layang kota Hyderabat sekitar pukul 01.00 siang. Ketika jalanan menikung, mobil hilang kendali dan menghantam pinggiran flyover.⁠\n-⁠\nSimak selengkapnya dengan klik link di bio, ﻿atau download aplikasi kumparan di App Store dan Google Play.⁠\n-⁠\n#kumparanNEWS #india #kecelakaan #videokecelakaan #kecelakaanmobil #mobilkecelakaan #trendingtopic #info #videoviral #videooftheday #beritahariini #berita #beritaterkini #terbaru #indonesia #viral #news #like4like #instalike #repost #instadaily #instanews #instavideo #kumparan.','2019-11-27 12:30:18',2,0,0,0,'2019-11-28 12:05:18','2019-11-28 12:05:18'),(51,'kumparancom','https://instagram.com/p/B5Wz7rmI8PM',654741,14554,'Penyanyi Agnez Mo menjadi pembicaraan karena ucapan kontroversial yang mengungkapkan dirinya tidak memiliki darah Indonesia, saat wawancara dengan media AS, Build Series by Yahoo, belum lama ini. Agnez mengatakan Indonesia memiliki banyak pulau dengan beragam etnis dan budaya, ia pun tumbuh besar dengan keberagaman itu.⁠\n-⁠\nAgnez Mo sudah memberikan klarifikasi dalam unggahan di akun Instagram pribadinya. @agnezmo mengungkapkan bahwa ia tidak bisa memilih darah atau DNA untuknya sendiri. Ia menyatakan Indonesia amat berarti buat dirinya. ⁠\n-⁠\nSimak selengkapnya dengan klik link di bio, ﻿atau download aplikasi kumparan di App Store dan Google Play.⁠\n-⁠\n#kumparanHITS #agnezmo #agnes #wawancara #interview #buildseries #mediaas #trendingtopic #info #videoviral #videooftheday #beritahariini #berita #beritaterkini #terbaru #indonesia #viral #news #like4like #instalike #repost #instadaily #instanews #instavideo #kumparan','2019-11-27 12:02:48',2,0,0,0,'2019-11-28 12:05:18','2019-11-28 12:05:18'),(52,'kumparancom','https://instagram.com/p/B5WsT-Rqk-T',654741,5917,'Sebagai wujud cintanya kepada tanah air, @agnezmo kerap memperlihatkan budaya Indonesia di media sosial hingga video klip miliknya. Berikut kumparan rangkum ulasannya.\n-\nSimak selengkapnya dengan klik link di bio, ﻿atau download aplikasi kumparan di App Store dan Google Play.⁠\n-⁠\n#kumparanHITS #agnezmo #agnes #wawancara #interview #buildseries #mediaas #trendingtopic #info #videoviral #videooftheday #beritahariini #berita #beritaterkini #terbaru #indonesia #viral #news #like4like #instalike #repost #instadaily #instanews #instavideo #kumparan.⁠','2019-11-27 11:00:40',2,0,0,0,'2019-11-28 12:05:18','2019-11-28 12:05:18'),(53,'kumparancom','https://instagram.com/p/B5WoMz1FRSG',654741,6839,'Follow @kumparanmom untuk mengetahui informasi terkini seputar ibu dan anak.\n—\nSaat ingin cepat hamil, banyak pasangan biasanya mencoba berbagai saran. Terlebih bagi suami-istri yang telah lama menantikan kehadiran buah hati, semua dilakukan untuk memperbesar peluang kehamilan.⁠\n-⁠\nTerkait mitos yang beredar, Anda sebaiknya jangan langsung percaya jika belum terbukti secara ilmiah. Coba cek faktanya yuk, Moms!⁠\n-⁠\nSimak selengkapnya di kumparanmom.com, atau download aplikasi kumparan di App Store dan Google Play.⁠\n-⁠\n#kumparanMOM #IbuPastiBIsa #CariCara #prakonsepsi #programhamil #mitos #trending #trendingtopic #videooftheday #moms #kumparanmoms #ibu #infoibu #orangtua #infoanak #infobayi #strechmark #parent #beauty #tips #learning #anak #infoanak #indonesia #viral #news #like4like #instadaily #instapost #parenting','2019-11-27 10:20:45',2,0,0,0,'2019-11-28 12:05:18','2019-11-28 12:05:18'),(54,'kumparancom','https://instagram.com/p/B5WhJ4hFpNR',654741,12284,'Pengusaha properti Ciputra meninggal dunia di Singapura pada Rabu (27/11) di usia 88 tahun. Founder @ciputra.group itu tutup usia sekitar pukul 01.05 waktu setempat. Kedutaan Besar Republik Indonesia (KBRI) di Singapura mengatakan jasad Ciputra akan segera dipulangkan ke Jakarta.\n-\nSimak selengkapnya dengan klik link di bio, ﻿atau download aplikasi kumparan di App Store dan Google Play.⁠\n-⁠⠀⁠\n#kumparanBISNIS #ciputra #ciputragroup #bisnis #founderciputrameninggal #trendingtopic #info #videoviral #videooftheday #beritahariini #berita #beritaterkini #terbaru #indonesia #viral #news #like4like #instalike #repost #instadaily #instanews #instavideo #kumparan','2019-11-27 09:18:43',2,0,0,0,'2019-11-28 12:05:18','2019-11-28 12:05:18'),(55,'kumparancom','https://instagram.com/p/B5WfF6moSdF',654741,3728,'Menurut jurnal Molecular Nutrition and Food Research, alpukat mengandung senyawa yang mampu menghentikan pemicu diabetes. Selain itu, alpukat juga baik dikonsumsi untuk kesehatan otot, hati, dan ginjal. ⁠\n-⁠\nKalau kamu suka makan alpukat dicampur apa? Kalau mimin sih, dicampur pakai cokelat dan es batu. ??⁠\n-⁠\nSimak selengkapnya dengan klik link di bio, ﻿atau download aplikasi kumparan di App Store dan Google Play.⁠\n-⁠⠀⁠\n#kumparanSAINS #alpukat #buah #sehat #kesehatan #healthy #lifestyle #makananenak #trendingtopic #info #videoviral #videooftheday #beritahariini #berita #beritaterkini #terbaru #indonesia #viral #news #like4like #instalike #repost #instadaily #instanews #instavideo #kumparan','2019-11-27 09:00:42',2,0,0,0,'2019-11-28 12:05:18','2019-11-28 12:05:18'),(56,'kumparancom','https://instagram.com/p/B5VQFgdD5C2',654741,7282,'Berdasarkan survey BPS dikutip dari Opus Creative Economy Outlook 2019, pada 2017, ekonomi kreatif menyumbang PDB mencapai Rp 989 triliun dan tembus Rp 1.100 triliun di tahun berikutnya. Sementara pada 2019, diperkirakan mencapai Rp 1.211 triliun atau 9,6 persen lebih tinggi dari tahun sebelumnya.⁠\n-⁠\nSimak selengkapnya dengan klik link di bio, ﻿atau download aplikasi kumparan di App Store dan Google Play.⁠\n-⁠⠀⁠\n#kumparanBISNIS #ekonomikreatif #bisnis #sumbangan #triliun #pemerintah #ekonomi #trendingtopic #info #videoviral #videooftheday #beritahariini #berita #beritaterkini #terbaru #indonesia #viral #news #like4like #instalike #repost #instadaily #instanews #instavideo #kumparan','2019-11-26 21:30:19',5,0,0,0,'2019-11-28 12:05:18','2019-11-28 12:05:18'),(57,'kumparancom','https://instagram.com/p/B5VMWMFFj7P',654741,6313,'Bhayangkara Taruna Irfan Urane Aziz, putra Kapolri Jenderal Idham Azis, kembali mendapat penghargaan. Irfan mendapat penghargaan dari Kalemdikpol Komjen Arief Sulistyanto atas prestasinya saat menjalani pendidikan dasar integrasi Taruna Akademi TNI dan Akpol di Akademi Militer Magelang. Berikut deretan prestasi akademiknya. Keren~\n-\nSimak selengkapnya dengan klik link di bio, ﻿atau download aplikasi kumparan di App Store dan Google Play.⁠\n-⁠⠀⁠\n#kumparanNEWS #polri #tni #akpol #taruna #bhayangkara #idhamazis #trendingtopic #info #videoviral #videooftheday #beritahariini #berita #beritaterkini #terbaru #indonesia #viral #news #like4like #instalike #repost #instadaily #instanews #instavideo #kumparan','2019-11-26 20:57:39',5,0,0,0,'2019-11-28 12:05:19','2019-11-28 12:05:19'),(58,'kumparancom','https://instagram.com/p/B5VJPUJjfK_',654741,11025,'Agnez Mo bikin geger netizen Indonesia. Dalam wawancaranya dengan media AS Build Series by Yahoo, Agnez mengatakan bahwa dirinya tak memiliki darah Indonesia. Namun dalam unggahan terbarunya, Agnez seakan memberi klarifikasi. Ia menjelaskan bahwa dirinya selama ini tumbuh dalam keragaman budaya. Ia merasa bangga akan hal tersebut.\n-\n@agnezmo menjelaskan makna \'Bhinneka Tunggal Ika\' yang merupakan moto atau semboyan negara Indonesia. Ia pun menuliskan bahwa dirinya akan selalu mewakili Indonesia. \"#indonesia represents,\" tulisnya dalam Instagram pribadinya.\n-\nSimak selengkapnya dengan klik link di bio, ﻿atau download aplikasi kumparan di App Store dan Google Play.⁠\n-⁠\n#kumparanHITS #agnezmo #agnes #wawancara #interview #buildseries #mediaas #trendingtopic #info #videoviral #videooftheday #beritahariini #berita #beritaterkini #terbaru #indonesia #viral #news #like4like #instalike #repost #instadaily #instanews #instavideo #kumparan','2019-11-26 20:35:39',5,0,0,0,'2019-11-28 12:05:20','2019-11-28 12:05:20'),(59,'kumparancom','https://instagram.com/p/B5VF3b8gabt',654741,3540,'Menteri Perhubungan Budi Karya Sumadi mendukung pemisahan PT Garuda Indonesia (Persero) Tbk (GIAA) dengan Sriwijaya Air Group. Menurutnya, hal ini akan berdampak positif dan membuat persaingan harga tiket semakin baik.⁠\n-⁠\nSelain itu, Budi Karya menuturkan, pemisahan Garuda dan Sriwijaya dapat memudahkan penyelesaian masalah. Sehingga pemerintah bisa lebih jelas untuk memisahkan masalah yang ada.⁠\n-⁠\nSimak selengkapnya dengan klik link di bio, ﻿atau download aplikasi kumparan di App Store dan Google Play.⁠\n-⁠⠀⁠\n#kumparanBISNIS #menhub #budikarya #garudaindonesia #sriwijaya #tiket #tiketpesawat #trendingtopic #info #videoviral #videooftheday #beritahariini #berita #beritaterkini #terbaru #indonesia #viral #news #like4like #instalike #repost #instadaily #instanews #instavideo #kumparan','2019-11-26 20:01:01',5,0,0,0,'2019-11-28 12:05:20','2019-11-28 12:05:20'),(60,'kumparancom','https://instagram.com/p/B5VDMXfAqED',654741,4854,'@erickthohir membabat semua pejabat eselon I di kementerian BUMN. Ditengarai atas perintah langsung dari Presiden @jokowi. Lantas, seperti apa sebenarnya peran Jokowi di balik kebijakan yang dikeluarkan Erick?⁠\n-⁠\nSimak selengkapnya dalam collection “Erick Thohir Menggebrak” di kum.pr/thohirmenggebrak atau klik link di bio.⁠\n-⁠\n#kumparanNEWS #thohirmenggebrak #lipsus #lipsuskumparan #erickthohir #bumn #trendingtopic #info #videoviral #videooftheday #beritahariini #berita #beritaterkini #terbaru #indonesia #viral #news #like4like #instalike #repost #instadaily #instanews #instavideo #kumparan','2019-11-26 19:42:29',5,0,0,0,'2019-11-28 12:05:20','2019-11-28 12:05:20'),(61,'kumparancom','https://instagram.com/p/B5U3dKmDpJ5',654741,6241,'Musisi Sandhy Sondoro diduga mengikuti dan memberikan likes unggahan akun porno. Hal itu diketahui dari tagar trending topic #SandhySondoroCabul yang muncul di Twitter. Dalam cuitan di Twitter, sejumlah netizen menampilkan screenshot yang memperlihatkan likes di akun Twitter @sandhysondoro_official. Terlihat akun tersebut memberikan likes pada unggahan pornografi. ⁠\n-⁠\nSimak selengkapnya dengan klik link di bio, ﻿atau download aplikasi kumparan di App Store dan Google Play.⁠\n-⁠⠀⁠\n#kumparanHITS #sandhysondoro #sandy #tagartwitter #unggahanporno #trendingtopic #info #videoviral #videooftheday #beritahariini #berita #beritaterkini #terbaru #indonesia #viral #news #like4like #instalike #repost #instadaily #instanews #instavideo #kumparan','2019-11-26 18:01:08',5,0,0,0,'2019-11-28 12:05:20','2019-11-28 12:05:20'),(62,'kumparancom','https://instagram.com/p/B5UxOoDj_j2',654741,8698,'Komisi VII DPR RI menggelar rapat dengar pendapat dengan PT PLN (Persero). Dalam kesempatan ini, Anggota Komisi VII DPR RI Mulan Jameela menyoroti peristiwa mati listrik massal pada Agustus lalu. Ia menanyakan terkait ganti rugi yang dijanjikan PLN.⁠\n-⁠\n@mulanjameela1 mengaku menyambut baik niat PLN mengganti kerugian yang dialami masyarakat. Namun, ia masih belum mengerti sudah sejauh mana kompensasi yang dibayarkan oleh PLN.⁠\n-⁠\nSimak selengkapnya dengan klik link di bio, ﻿atau download aplikasi kumparan di App Store dan Google Play.⁠\n-⁠⠀⁠\n#kumparanBISNIS #pln #mulanjameela #mulan #dprri #ptpln #komisivii #matilistrik #trendingtopic #info #videoviral #videooftheday #beritahariini #berita #beritaterkini #terbaru #indonesia #viral #news #like4like #instalike #repost #instadaily #instanews #instavideo #kumparan','2019-11-26 17:00:41',4,0,0,0,'2019-11-28 12:05:20','2019-11-28 12:05:20'),(63,'kumparancom','https://instagram.com/p/B5UmMSRDR8u',654741,2592,'Tiga personel Polri kena sanksi disiplin karena pamer foto saat pergi ke luar negeri. Hal ini merupakan buntut dari surat imbauan dari Kapolri Jenderal Idham Azis yang berisi larangan hidup mewah dan hedonistik terhadap anggotanya. Namun, pihak kepolisian enggan menyebut identitas personel tersebut.⁠\n-⁠\nKredit foto: Shutterstock, Antara, kumparan.⁠\n-⁠\nSimak selengkapnya dengan klik link di bio, ﻿atau download aplikasi kumparan di App Store dan Google Play.⁠\n-⁠⠀⁠\n#kumparanNEWS #polri #polisi #luarnegeri #sidak #idhamaziz #aturan #rules #trendingtopic #info #videoviral #videooftheday #beritahariini #berita #beritaterkini #terbaru #indonesia #viral #news #like4like #instalike #repost #instadaily #instanews #instavideo #kumparan','2019-11-26 15:29:20',3,0,0,0,'2019-11-28 12:05:20','2019-11-28 12:05:20'),(64,'kumparancom','https://instagram.com/p/B5UjnctjSk-',654741,4605,'Ada kalanya kita membutuhkan suasana baru untuk menyegarkan pikiran yang penat. Apalagi bila keseharian kita diisi dengan rutinitas dan kesibukan yang sama.⁠\n-⁠\nPadahal bila dibiarkan, rasa bosan akan membuat produktivitas kita menurun saat bekerja. Bahkan bisa mempengaruhi emosi hingga menjauhkan kita dari orang-orang terdekat akibat kesibukan yang ada habisnya.⁠\n-⁠\nSaat kesibukan mulai yang tidak ada jedanya, jalan-jalan ke tempat baru bisa jadi solusi tepat meningkatkan produktivitas kerja yang sempat menurun akibat bosan. @bliblidotcom menyediakan berbagai kebutuhanmu saat ingin merencanakan liburan. Mulai dari tiket pesawat, hotel, hingga berbagai perlengkapan untuk menunjang liburanmu agar makin menyenangkan! @sahabatperjalananmu #sahabatperjalananmu #bliblitravel','2019-11-26 15:01:45',3,0,0,0,'2019-11-28 12:05:20','2019-11-28 12:05:20'),(65,'kumparancom','https://instagram.com/p/B5UcoDCA1Jb',654741,4837,'Presiden @jokowi menyatakan akan membangun Pusat Riset dan Inovasi di Ibu Kota Baru. Bahkan Jokowi menyebut, pemerintah telah menyiapkan lahan yang luas untuk membangun sarana tersebut. Menurut Jokowi, saat ini fokus pemerintah adalah untuk memperkuat riset dan inovasi, serta pembangunan SDM.⁠\n-⁠\nSimak selengkapnya dengan klik link di bio, ﻿atau download aplikasi kumparan di App Store dan Google Play.⁠\n-⁠⠀⁠\n#kumparanNEWS #jokowi #kalimantan #ibukota #presiden #pembangunan #riset #trendingtopic #info #videoviral #videooftheday #beritahariini #berita #beritaterkini #terbaru #indonesia #viral #news #like4like #instalike #repost #instadaily #instanews #instavideo #kumparan','2019-11-26 14:00:39',3,0,0,0,'2019-11-28 12:05:20','2019-11-28 12:05:20'),(66,'kumparancom','https://instagram.com/p/B5UWeILFCmc',654741,4473,'@basukibtp tampil perdana sebagai Komisaris Utama PT Pertamina (Persero). Ahok hadir dalam acara Pertamina Energy Forum (PEF) 2019 di Hotel Raffles, Jakarta, Selasa (26/11), sekitar pukul 09.30 WIB\n-\nPEF merupakan acara tahunan Pertamina yang ketujuh. Dalam acara ini, biasanya diagendakan berbagai diskusi menarik seputar perkembangan dunia bisnis minyak dan gas Indonesia.\n-\nSimak selengkapnya dengan klik link di bio, ﻿atau download aplikasi kumparan di App Store dan Google Play.⁠\n-⁠⠀⁠\n#kumparanBISNIS #ahok #basuki #pertamina #komutpertamina #pef #trendingtopic #info #videoviral #videooftheday #beritahariini #berita #beritaterkini #terbaru #indonesia #viral #news #like4like #instalike #repost #instadaily #instanews #instavideo #kumparan','2019-11-26 13:07:13',3,0,0,0,'2019-11-28 12:05:20','2019-11-28 12:05:20'),(67,'kumparancom','https://instagram.com/p/B5UO3-xgroN',654741,7296,'@lrtjkt akan beroperasi melayani 6 stasiun, yakni Pegangsaan Dua, Boulevard Utara, Boulevard Selatan, Pulomas, Equestrian, hingga Velodrome sepanjang 5,8 kilometer. Penumpang dapat membayar menggunakan kartu Single Journey Trip (SJT) yang bisa didapatkan di loket stasiun maupun Ticket Vending Machine, atau dengan kartu elektronik berbayar, seperti Flazz dan e-Money.⁠\n-⁠\nSimak selengkapnya dengan klik link di bio, ﻿atau download aplikasi kumparan di App Store dan Google Play.⁠\n-⁠⠀⁠\n#kumparanNEWS #lrt #kereta #transportasi #krl #angkutan #dkijakarta #trendingtopic #info #videoviral #videooftheday #beritahariini #berita #beritaterkini #terbaru #indonesia #viral #news #like4like #instalike #repost #instadaily #instanews #instavideo #kumparan','2019-11-26 12:00:30',2,0,0,0,'2019-11-28 12:05:21','2019-11-28 12:05:21'),(68,'kumparancom','https://instagram.com/p/B5UH3o-FsDJ',654741,8737,'Follow @kumparanmom untuk mengetahui informasi seputar ibu dan anak!\n—\nHuruf X mungkin jarang dipakai sebagai huruf pertama anak di Indonesia, ya, Moms. Tapi, bila Anda sedang mencari inspirasi nama anak dari huruf X yang tidak pasaran dan berarti baik, ini bisa jadi pertimbangan Anda.⁠\n-⁠\nNah, Moms, mana yang Anda sukai?⁠\n-⁠\nSimak selengkapnya di kumparanmom.com, atau download aplikasi kumparan di App Store dan Google Play.⁠\n-⁠\n#kumparanMOM #IbuPastiBIsa #CariCara #namaanak #anaklaki-laki #anakperempuan #trending #trendingtopic #videooftheday #moms #kumparanmoms #ibu #infoibu #orangtua #infoanak #infobayi #strechmark #parent #beauty #tips #learning #anak #infoanak #indonesia #viral #news #like4like #instadaily #instapost #parenting⁠','2019-11-26 10:59:17',2,0,0,0,'2019-11-28 12:05:21','2019-11-28 12:05:21'),(69,'kumparancom','https://instagram.com/p/B5T6S3mowCI',654741,5129,'Para peneliti di India mengumumkan bahwa mereka telah menyelesaikan uji klinis dari alat kontrasepsi pria yang dikenal sebagai reversible inhibition of sperm under guidance (RISUG) atau penghambatan sperma. Tim ilmuwan memaparkan, alat kb ini bekerja dengan cara disuntik di dekat testis pria, dan efeknya diklaim bisa bertahan hingga 13 tahun.⁠\n-⁠\nSimak selengkapnya dengan klik link di bio, ﻿atau download aplikasi kumparan di App Store dan Google Play.⁠\n-⁠⠀⁠\n#kumparanSAINS #kb #pertama #india #kbpria #pria #sperma #ujiklinis #trendingtopic #info #videoviral #videooftheday #beritahariini #berita #beritaterkini #terbaru #indonesia #viral #news #like4like #instalike #repost #instadaily #instanews #instavideo #kumparan','2019-11-26 09:00:40',2,0,0,0,'2019-11-28 12:05:21','2019-11-28 12:05:21'),(70,'kumparancom','https://instagram.com/p/B5Sn8MQDQfn',654741,8475,'Mantan Menteri Komunikasi dan Informatika, Rudiantara, dikabarkan bakal menjadi Direktur Utama PT PLN (Persero). Rudiantara sudah mendapat restu dari Istana. Tinggal diangkat oleh Menteri BUMN @erickthohir. Nah, begitupula dengan @basukibtp yang akan menjabat menjadi Komut Pertamina. Gimana tanggapan kalian, gaes?⁠\n-⁠\nSimak selengkapnya dengan klik link di bio, ﻿atau download aplikasi kumparan di App Store dan Google Play.⁠\n-⁠⠀⁠\n#kumparanBISNIS #ahok #btp #basuki #basukitjahajapurnama #rudiantara #bumn #komut #pertamina #komutpertamina #trendingtopic #info #videoviral #videooftheday #beritahariini #berita #beritaterkini #terbaru #indonesia #viral #news #like4like #instalike #repost #instadaily #instanews #instavideo #kumparan','2019-11-25 21:06:05',5,0,0,0,'2019-11-28 12:05:21','2019-11-28 12:05:21'),(71,'kumparancom','https://instagram.com/p/B5SkbjgD4qe',654741,3405,'Per 22 November 2019, Kemendagri mencatat jumlah ormas menembus angka 431 ribu lebih. Jumlah tersebut terbagi menjadi tiga kategori, yakni ormas yang telah mendapatkan surat keterangan terdaftar (SKT) di Kemendagri, ormas berbadan hukum yang terdaftar di Kemkumham, dan ormas yang terdaftar di Kementerian Luar Negeri.⁠\n-⁠\nSimak selengkapnya dengan klik link di bio, ﻿atau download aplikasi kumparan di App Store dan Google Play.⁠\n-⁠⠀⁠\n#kumparanNEWS #kemendagri #ormas #mendagri #organisasi #kementerian #hukum #ormasindonesia #trendingtopic #info #videoviral #videooftheday #beritahariini #berita #beritaterkini #terbaru #indonesia #viral #news #like4like #instalike #repost #instadaily #instanews #instavideo #kumparan','2019-11-25 20:30:23',5,0,0,0,'2019-11-28 12:05:21','2019-11-28 12:05:21'),(72,'kumparancom','https://instagram.com/p/B5SiQjtlhmD',654741,2906,'Hari ini (25/11), Wali Kota @surabaya Tri Rismaharini berkunjung ke kantor kumparan. Di momen yang langka ini, Ibu Risma bersama para direksi meresmikan salah satu ruangan baru di kantor kumparan, yaitu Ruang Baca kumparan. Terima kasih sudah berkunjung ke kantor kami, Bu Risma!\n-\n#percayakumparan #risma #surabaya #walikotasurabaya #kantorkumparan #ruangkumparan #kantor #trendingtopic #info #videoviral #videooftheday #beritahariini #berita #beritaterkini #terbaru #indonesia #viral #news #like4like #instalike #repost #instadaily #instanews #instavideo #kumparan','2019-11-25 20:11:24',5,0,0,0,'2019-11-28 12:05:21','2019-11-28 12:05:21'),(73,'kumparancom','https://instagram.com/p/B5SfpzTlWlO',654741,14010,'Belum sebulan menjabat Menteri BUMN, Erick Thohir menggebrak. Tokoh yang terkenal dengan tangan dinginnya semasa menjadi pengusaha ini membabat semua pejabat eselon I di jajaran kementeriannya. Bagaimana sesungguhnya peran Jokowi di balik kebijakan mengejutkan itu? PR apa saja yang diberikan Presiden @jokowi kepada @erickthohir?\n-\nSimak selengkapnya dalam collection “Erick Thohir Menggebrak” di kum.pr/thohirmenggebrak atau klik link di bio.\n-\n#kumparanNEWS #thohirmenggebrak #lipsus #lipsuskumparan #erickthohir #bumn #trendingtopic #info #videoviral #videooftheday #beritahariini #berita #beritaterkini #terbaru #indonesia #viral #news #like4like #instalike #repost #instadaily #instanews #instavideo #kumparan','2019-11-25 19:48:38',5,0,0,0,'2019-11-28 12:05:21','2019-11-28 12:05:21'),(74,'kumparancom','https://instagram.com/p/B5SMc22gzqV',654741,2987,'Wakil Presiden @kyai_marufamin menunjuk 8 orang yang akan menjadi pembantunya sebagai staf khusus wapres. 8 orang tersebut sudah mendapatkan surat keputusan dari Presiden @jokowi dan telah efektif bekerja sejak hari ini.⁠\n-⁠\nTokoh pertama yang diperkenalkan sebagai staf khusus adalah Mohamad Nasir. Di bidang hukum, Ma\'ruf menunjuk Satya Arinanto sebagai staf khusus, di bidang infrastruktur dan investasi, Ma\'ruf menunjuk Sukriansyah S Latief. ⁠\n-⁠\nSimak selengkapnya dengan klik link di bio, ﻿atau download aplikasi kumparan di App Store dan Google Play.⁠\n-⁠⠀⁠\n#kumparanNEWS #marufamin #wapres #stafkhusus #staf #stafsus #presiden #jokowi #trendingtopic #info #videoviral #videooftheday #beritahariini #berita #beritaterkini #terbaru #indonesia #viral #news #like4like #instalike #repost #instadaily #instanews #instavideo #kumparan','2019-11-25 17:05:57',4,0,0,0,'2019-11-28 12:05:22','2019-11-28 12:05:22'),(75,'kumparancom','https://instagram.com/p/B5SI8H8DKpE',654741,13390,'Basuki Tjahaja Purnama atau Ahok yang akan menjadi Komisaris Utama PT Pertamina (Persero), tiba di BUMN sekitar pukul 9.24 WIB, (25/11). Ahok mengaku dipanggil untuk penyerahan Surat Keputusan Menteri BUMN Erick Thohir selaku RUPS Pertamina. Saat ditanya bagaimana strateginya menjadi Komut Pertamina, @basukibtp menjawab dengan candaan. \"Saya lulusan S3 dari Mako Brimob,\" katanya.⁠\n-⁠\nMako Brimob merupakan tempat mendekam Ahok saat dirinya menjadi terdakwa kasus penistaan agama. Ahok dipenjara selama 1 tahun 8 bulan.⁠\n-⁠\nSimak selengkapnya dengan klik link di bio, ﻿atau download aplikasi kumparan di App Store dan Google Play.⁠\n-⁠⠀⁠\n#kumparanBISNIS #ahok #btp #basuki #basukitjahajapurnama #komut #pertamina #komutpertamina #trendingtopic #info #videoviral #videooftheday #beritahariini #berita #beritaterkini #terbaru #indonesia #viral #news #like4like #instalike #repost #instadaily #instanews #instavideo #kumparan','2019-11-25 16:30:09',4,0,0,0,'2019-11-28 12:05:22','2019-11-28 12:05:22'),(76,'kumparancom','https://instagram.com/p/B5R-uiUAoji',654741,7065,'Mantan Kepala Bappenas Andrinof Chaniago dan mantan Menteri Perindustrian Saleh Husin kehilangan sandal dan sepatu di sebuah masjid di Depok. Peristiwa ini diunggah oleh Andrinof di akun instagramnya.⁠\n-⁠\n@andrinofachaniago menuturkan, mereka kehilangan sandal dan sepatu pada Kamis (14/11). Saat itu mereka usai menyalatkan jenazah Ketua PP Muhammadiyah Prof. Bahtiar Effendy. Saat keduanya akan meninggalkan masjid, mereka tak menemukan sandal dan sepatunya.⁠\n-⁠\nSimak selengkapnya dengan klik link di bio, ﻿atau download aplikasi kumparan di App Store dan Google Play.⁠\n-⁠⠀⁠\n#kumparanNEWS #menteri #mantanmenteri #menteriperindustrian #kehilangansandal #kepalabappenas #jenazahketuapp #masjiddepok #trendingtopic #info #videoviral #videooftheday #beritahariini #berita #beritaterkini #terbaru #indonesia #viral #news #like4like #instalike #repost #instadaily #instanews #instavideo #kumparan','2019-11-25 15:00:55',3,0,0,0,'2019-11-28 12:05:22','2019-11-28 12:05:22'),(77,'kumparancom','https://instagram.com/p/B5R32xRAzkp',654741,11305,'Menpora Malaysia Syed Saddiq telah meminta maaf atas insiden penyerangan suporter Indonesia melalui akun Twitter. Merespons hal ini, Menpora Zainudin Amali menilai seharusnya permintaan maaf tak hanya dilayangkan melalui media sosial tapi melalui surat resmi. Zainudin pun mengatakan, Kemenpora RI sudah mengirim surat resmi sebagai bentuk protes atas insiden penyerangan tersebut.⁠\n-⁠\nSimak selengkapnya dengan klik link di bio, ﻿atau download aplikasi kumparan di App Store dan Google Play.⁠\n-⁠⠀⁠\n#kumparanNEWS #kasus #sepakbola #penyerangan #malaysia #syedsaddiq #menpora #pertandingan #suporterbola #trendingtopic #info #videoviral #videooftheday #beritahariini #berita #beritaterkini #terbaru #indonesia #viral #news #like4like #instalike #repost #instadaily #instanews #instavideo #kumparan','2019-11-25 14:00:52',3,0,0,0,'2019-11-28 12:05:22','2019-11-28 12:05:22'),(78,'kumparancom','https://instagram.com/p/B5RzINIlDRA',654741,2511,'Menteri BUMN Erick Thohir tak butuh waktu lama mewujudkan keinginan Presiden Jokowi untuk menyederhanakan birokrasi. Belum sebulan, enam deputi eselon I ia berhentikan untuk menduduki pos baru di BUMN. Nantinya, jabatan deputi bakal cuma tiga, yang seluruhnya diisi orang baru.\n-\nBanyak yang bilang jurus kilat @erickthohir ini cukup menjanjikan. Namun apakah upaya bersih-bersih itu mampu melepas BUMN dari bayang-bayang kekuatan politik yang selama ini dicemaskan menjadikan perusahaan negara itu sebagai sapi perah?\n-\nSimak selengkapnya dalam collection “Erick Thohir Menggebrak” di kum.pr/thohirmenggebrak atau klik link di bio.\n-\n#kumparanNEWS #thohirmenggebrak #lipsus #lipsuskumparan #erickthohir #bumn #trendingtopic #info #videoviral #videooftheday #beritahariini #berita #beritaterkini #terbaru #indonesia #viral #news #like4like #instalike #repost #instadaily #instanews #instavideo #kumparan','2019-11-25 13:20:11',3,0,0,0,'2019-11-28 12:05:22','2019-11-28 12:05:22'),(79,'kumparancom','https://instagram.com/p/B5RjFnnFShb',654741,5533,'Follow @kumparanmom yuk, untuk mengetahui informasi seputar ibu dan anak!\n—\nSetelah menikah, suami tentu akan menjadi orang terdekat Anda. Karena begitu dekat,  Anda mungkin sudah tidak lagi merasa perlu jaga image di depannya. Tapi karena lupa jaim ini juga tanpa sadar bisa saja  Anda jadi semena-mena dan melukai perasaan atau menjatuhkan harga dirinya.⁠\n-⁠\nApakah Anda pernah melalukan salah satunya, Moms? Lebih hati-hati dalam mengungkapkan perasaan, ya ?⁠\n-⁠\nSimak selengkapnya di kumparanmom.com, atau download aplikasi kumparan di App Store dan Google Play.⁠\n-⁠\n#kumparanMOM #IbuPastiBIsa #CariCara #image #hargadiri #bertengkar #trending #trendingtopic #videooftheday #moms #kumparanmoms #ibu #infoibu #orangtua #infoanak #infobayi #strechmark #parent #beauty #tips #learning #anak #infoanak #indonesia #viral #news #like4like #instadaily #instapost #parenting⁠','2019-11-25 10:59:51',2,0,0,0,'2019-11-28 12:05:22','2019-11-28 12:05:22'),(80,'kumparancom','https://instagram.com/p/B5RVfGfgRDe',654741,5083,'Plasmodium falciparum, parasit yang bertanggungjawab menyebabkan penyakit malaria ternyata dapat dicegah pertumbuhannya dengan cara sederhana. Menurut laporan Medical Daily, penyakit menular itu dapat diperangi dengan mengonsumsi sup buatan sendiri yang menggunakan kaldu ayam hingga sapi.⁠\n-⁠\nSimak selengkapnya dengan klik link di bio, ﻿atau download aplikasi kumparan di App Store dan Google Play.⁠\n-⁠⠀⁠\n#kumparanSAINS #penyakitmalaria #malaria #penyakit #sup #kalduayam #sapi #kaldu #obat #parasit #trendingtopic #info #videoviral #videooftheday #beritahariini #berita #beritaterkini #terbaru #indonesia #viral #news #like4like #instalike #repost #instadaily #instanews #instavideo #kumparan','2019-11-25 09:00:33',2,0,0,0,'2019-11-28 12:05:22','2019-11-28 12:05:22'),(81,'kumparancom','https://instagram.com/p/B5QDIy5DwQX',654741,7112,'Dirlantas Polda Jawa Barat menilang seorang mahasiswa berinisial AG yang mengemudikan sebuah BMW. AG ditilang karena menggunakan pelat kendaraan Jepang. Dari hasil pemeriksaan polisi, kendaraan tersebut terdaftar resmi di Ditlantas Polda Jawa Barat. Namun, pelat yang digunakan palsu.\n-\nSimak selengkapnya dengan klik link di bio, ﻿atau download aplikasi kumparan di App Store dan Google Play.⁠\n-⁠⠀⁠\n#kumparanNEWS #bmw #pelatbmw #polisi #jabar #bandung #tilang #trendingtopic #info #videoviral #videooftheday #beritahariini #berita #beritaterkini #terbaru #indonesia #viral #news #like4like #instalike #repost #instadaily #instanews #instavideo #kumparan','2019-11-24 21:06:07',5,0,0,0,'2019-11-28 12:05:25','2019-11-28 12:05:25'),(82,'kumparancom','https://instagram.com/p/B5P-pH4lvJW',654741,8528,'Idola K-Pop Goo Hara ditemukan meninggal dunia, Minggu (24/11), di kediamannya di Cheongdam-dong, Gangnam-gu, Seoul. Goo Hara meninggal dunia sekitar pukul 18.09 waktu Korea Selatan di rumahnya. Belum diketahui penyebab kematian @koohara__. Pihak kepolisian hingga kini masih melakukan penyelidikan.\n-\nSimak selengkapnya dengan klik link di bio, ﻿atau download aplikasi kumparan di App Store dan Google Play.⁠\n-⁠⠀⁠\n#kumparanKPOP #goohara #gooharameninggal #kpop #korean #idol #korea #koreanidol #trendingtopic #info #videoviral #videooftheday #beritahariini #berita #beritaterkini #terbaru #indonesia #viral #news #like4like #instalike #repost #instadaily #instanews #instavideo #kumparan','2019-11-24 20:21:42',5,0,0,0,'2019-11-28 12:05:25','2019-11-28 12:05:25'),(83,'kumparancom','https://instagram.com/p/B5P7aQzl8OB',654741,3856,'Badak Sumatra terakhir yang dimiliki Malaysia mati pada Sabtu (23/11). Badak betina yang mati bernama Iman, berusia 25 tahun. Selama ini, Iman tinggal di penangkaran Departemen Lingkungan Hidup Sabah di pulau Kalimantan. Kematiannya diumumkan langsung oleh Menteri Pariwisata, Budaya, dan Lingkungan Malaysia Christine Liew pada Minggu (24/11).\n-\nSimak selengkapnya dengan klik link di bio, ﻿atau download aplikasi kumparan di App Store dan Google Play.⁠\n-⁠⠀⁠\n#kumparanNEWS #badak #badaksumatra #sumatra #malaysia #badakmati #punah #badakpunah #trendingtopic #info #videoviral #videooftheday #beritahariini #berita #beritaterkini #terbaru #indonesia #viral #news #like4like #instalike #repost #instadaily #instanews #instavideo #kumparan','2019-11-24 19:55:44',5,0,0,0,'2019-11-28 12:05:25','2019-11-28 12:05:25'),(84,'kumparancom','https://instagram.com/p/B5Px3qtj5wO',654741,10569,'Universitas Gadjah Mada (UGM) mengembangkan prototipe baterai nuklir. Baterai tersebut diklaim bisa tahan hingga 40 tahun. Penelitian ini digagas pada tahun 2016 dan mulai dikerjakan sejak 2017. Sumber energi baterai nuklir ini adalah radiasi plutonium (PU) 238 yang merupakan limbah thorium. Dalam baterai itu juga ditanamkan sel surya agar output yang dikeluarkan lebih besar. ⁠\n-⁠\nSimak selengkapnya dengan klik link di bio, ﻿atau download aplikasi kumparan di App Store dan Google Play.⁠\n-⁠⠀⁠\n#kumparanSAINS #ugm #baterai #baterainuklir #prototipe #radiasi #limbah #penelitian #trendingtopic #info #videoviral #videooftheday #beritahariini #berita #beritaterkini #terbaru #indonesia #viral #news #like4like #instalike #repost #instadaily #instanews #instavideo #kumparan','2019-11-24 18:30:05',5,0,0,0,'2019-11-28 12:05:25','2019-11-28 12:05:25'),(85,'kumparancom','https://instagram.com/p/B5Pgx2WAIvS',654741,5498,'Super Charge Turbo punya kemampuan mengisi daya baterai ponsel sebesar 100W. Dengan daya sebesar itu, Xiaomi mengklaim teknologinya ini bisa mengisi daya baterai smartphone berkapasitas 4.000 mAh dalam waktu 17 menit. Teknologi turbo 100W di pengisi daya baterai itu dilengkapi dengan pompa muatan bertegangan tinggi yang dibundel dengan perlindungan muatan 9 kali lipat.⁠\n-⁠\nSimak selengkapnya dengan klik link di bio, ﻿atau download aplikasi kumparan di App Store dan Google Play.⁠\n-⁠⠀⁠\n#kumparanTECH #xiaomi #bateraixiaomi #baterai #dayabaterai #ponsel #pengisidaya #trendingtopic #info #videoviral #videooftheday #beritahariini #berita #beritaterkini #terbaru #indonesia #viral #news #like4like #instalike #repost #instadaily #instanews #instavideo #kumparan','2019-11-24 16:00:45',4,0,0,0,'2019-11-28 12:05:25','2019-11-28 12:05:25'),(86,'kumparancom','https://instagram.com/p/B5PTAnxgW9i',654741,2872,'Huawei mengungkap rincian biaya reparasi layar ponsel Mate X yang harus ditanggung pemilik jika rusak. Untuk servis layarnya saja, pengguna harus menghabiskan setidaknya 1.000 dolar AS atau sekitar Rp 14 juta. Harga itu setara dengan beli satu unit motor TVS Dazz-FI yang harga on the road (OTR) di Jakarta adalah Rp 13,9 juta, atau motor Revo Fit dengan tambahan Rp 468 ribu.⁠\n-⁠\nSimak selengkapnya dengan klik link di bio, ﻿atau download aplikasi kumparan di App Store dan Google Play.⁠\n-⁠⠀⁠\n#kumparanTECH #huawei #layarsmartphone #smartphone #motor #hargamotor #hargareparasi #reparasi #servislayar #trendingtopic #info #videoviral #videooftheday #beritahariini #berita #beritaterkini #terbaru #indonesia #viral #news #like4like #instalike #repost #instadaily #instanews #instavideo #kumparan','2019-11-24 14:00:26',3,0,0,0,'2019-11-28 12:05:25','2019-11-28 12:05:25'),(87,'kumparancom','https://instagram.com/p/B5PIH1ljim2',654741,3632,'Menpora Malaysia Syed Saddiq akhirnya meminta maaf terkait insiden penyerangan terhadap suporter Indonesia. Ia mengaku telah mendapat informasi kebenaran terkait insiden itu. Kasus penyerangan tidak terjadi saat pertandingan sepak bola di Stadion Bukit Jalil pada Selasa (19/11) malam. Tapi terjadi 20 kilometer dari Stadion Bukit Jalalil pada dini hari.⁠\n-\n@syedsaddiq pun meminta agar suporter Indonesia yang menjadi korban dalam insiden ini melapor dalam rangka pengusutan kasus. Ia memastikan pengusutan kasus ini berjalan secara adil bagi semua pihak.⁠\n-⁠\nSimak selengkapnya dengan klik link di bio, ﻿atau download aplikasi kumparan di App Store dan Google Play.⁠\n-⁠⠀⁠\n#kumparanNEWS #kasus #sepakbola #penyerangan #malaysia #syedsaddiq #menpora #pertandingan #suporterbola #trendingtopic #info #videoviral #videooftheday #beritahariini #berita #beritaterkini #terbaru #indonesia #viral #news #like4like #instalike #repost #instadaily #instanews #instavideo #kumparan','2019-11-24 12:30:20',2,0,0,0,'2019-11-28 12:05:25','2019-11-28 12:05:25'),(88,'kumparancom','https://instagram.com/p/B5O3ie5AanC',654741,3105,'Kita mungkin berpikir bahwa perselingkuhan selalu melibatkan kontak fisik di luar hubungan asmara yang sedang terjalin. Padahal, tidak selamanya demikian, lho. Ini ciri-cirinya.⁠\n-⁠\nSimak selengkapnya dengan klik link di bio, ﻿atau download aplikasi kumparan di App Store dan Google Play.⁠⠀⁠\n-⁠⠀⁠\n#MILLENNIAL #love #cheating #selingkung #relationship #couple #pacar #trendingtopic #info #videoviral #videooftheday #beritahariini #berita #beritaterkini #terbaru #indonesia #viral #news #like4like #instalike #repost #instadaily #instanews #instavideo #kumparan','2019-11-24 10:00:23',2,0,0,0,'2019-11-28 12:05:25','2019-11-28 12:05:25'),(89,'kumparancom','https://instagram.com/p/B5NQl1hgM4Q',654741,4549,'Kementerian PUPR akan membangun 3.000 km jalan arteri baru selama periode kedua kepemimpinan Presiden @jokowi. Direktur Jenderal Bina Marga Kementerian PUPR, Sugiyartanto merinci, pembangunan jalan baru itu akan dilakukan pada Trans Papua rute Manokwari-Pegunungan Arfak, Kawasan Ekonomi Khusus (KEK) Galang Batang Kep. Riau dan KEK Bitung Sulawesi, akses Pelabuhan Patimban, dan Bandara Kulon Progo.⁠\n-⁠\nSimak selengkapnya dengan klik link di bio, ﻿atau download aplikasi kumparan di App Store dan Google Play.⁠⠀⁠\n-⁠⠀⁠\n#kumparanBISNIS #bola #jokowi #jalan #insfrastruktur #pembangunan #jalanraya #target #kementerianpupr #trendingtopic #info #videoviral #videooftheday #beritahariini #berita #beritaterkini #terbaru #indonesia #viral #news #like4like #instalike #repost #instadaily #instanews #instavideo #kumparan','2019-11-23 19:00:49',5,0,0,0,'2019-11-28 12:05:26','2019-11-28 12:05:26'),(90,'kumparancom','https://instagram.com/p/B5NNF5agzNB',654741,5318,'@ustdzrizamuhammad tertahan di Imigrasi Bandara Internasional saat hendak mengisi ceramah di salah satu daerah di Hong Kong pada Sabtu (23/11). Pihak KJRI Hong Kong telah berkoordinasi dengan Imigrasi setempat. Namun, Ustaz Riza tetap tidak diperbolehkan masuk ke Hong Kong. Akhirnya, ia pun memilih untuk bertolak kembali ke tanah air.\n-\nKredit foto:  @ustdzrizamuhammad.\n-\nSimak selengkapnya dengan klik link di bio, ﻿atau download aplikasi kumparan di App Store dan Google Play.⁠\n-⁠⠀⁠\n#kumparanNEWS #hongkong #ustaz #imigrasi #ditolak #ceramah #ustazriza #trendingtopic #info #videoviral #videooftheday #beritahariini #berita #beritaterkini #terbaru #indonesia #viral #news #like4like #instalike #repost #instadaily #instanews #instavideo #kumparan','2019-11-23 18:30:14',5,0,0,0,'2019-11-28 12:05:26','2019-11-28 12:05:26'),(91,'kumparancom','https://instagram.com/p/B5NFhc2gNEW',654741,4411,'Penerimaan CPNS tahun ini Kejaksaan Agung menyertakan beberapa persyaratan. Salah satunya, pelamar CPNS tidak boleh memiliki orientasi seksual LGBT. Kepala Bagian Pengembangan dan Kepegawaian Kejaksaan Agung, Teguh Wardoyo menjelaskan, penolakan pelamar CPNS yang berorientasi LGBT ini masih pro dan kontra di kalangan masyarakat. Namun, tak menutup kemungkinan aturan tersebut akan ditambahkan.⁠\n-⁠\nSimak selengkapnya dengan klik link di bio, ﻿atau download aplikasi kumparan di App Store dan Google Play.⁠\n-⁠⠀⁠\n#kumparanNEWS #cpns #seleksi #dinas #pns #seksual #lgbt #status #kejaksaan #trendingtopic #info #videoviral #videooftheday #beritahariini #berita #beritaterkini #terbaru #indonesia #viral #news #like4like #instalike #repost #instadaily #instanews #instavideo #kumparan','2019-11-23 17:29:07',4,0,0,0,'2019-11-28 12:05:26','2019-11-28 12:05:26'),(92,'kumparancom','https://instagram.com/p/B5MuOTQgSsi',654741,16889,'Menteri Pertahanan, @prabowo, meminta seluruh guru sejarah menyampaikan kejamnya peristiwa G30S/PKI kepada para siswa. Menurut Prabowo, pengetahuan ini penting untuk generasi muda. Sebab, pada saat itu PKI telah memberontak secara terang-terangan terhadap pemerintahan. Dengan cara tersebut, masyarakat diharapkan bisa lebih waspada terhadap gerakan dan propaganda yang dilakukan komunis untuk menjatuhkan negara. ⁠\n-⁠\nSimak selengkapnya dengan klik link di bio, ﻿atau download aplikasi kumparan di App Store dan Google Play.⁠⠀⁠\n-⁠⠀⁠\n#kumparanNEWS #bola #menhan #prabowo #prabowosubianto #pki #g30spki #gerakan #komunis #trendingtopic #info #videoviral #videooftheday #beritahariini #berita #beritaterkini #terbaru #indonesia #viral #news #like4like #instalike #repost #instadaily #instanews #instavideo #kumparan','2019-11-23 14:00:30',3,0,0,0,'2019-11-28 12:05:26','2019-11-28 12:05:26'),(93,'kumparancom','https://instagram.com/p/B5Mmn5ogTzx',654741,5726,'Menpora Malaysia, @syedsaddiq, menyebut kasus penusukan dan pengeroyokan suporter Indonesia adalah hoaks. Syed Saddiq pun meminta warga Malaysia dan Indonesia tak terprovokasi dengan hoaks penyerangan terhadap suporter Indonesia.⁠\n-⁠\nSimak selengkapnya dengan klik link di bio, ﻿atau download aplikasi kumparan di App Store dan Google Play.⁠⠀⁠\n-⁠⠀⁠\n#kumparanNEWS #bola #menpora #syedsaddiq #sepakbola #malaysia #indonesia #kbri #terorbom #trendingtopic #info #videoviral #videooftheday #beritahariini #berita #beritaterkini #terbaru #indonesia #viral #news #like4like #instalike #repost #instadaily #instanews #instavideo #kumparan','2019-11-23 12:59:04',2,0,0,0,'2019-11-28 12:05:26','2019-11-28 12:05:26'),(94,'kumparancom','https://instagram.com/p/B5MgehOg1Hx',654741,5846,'Presiden @jokowi mengungkapkan bahwa 95 persen bahan baku obat hampir semuanya merupakan produk impor. Atas hal itu, Jokowi pun meminta kepada para menteri, untuk membuat skema insentif bagi pihak-pihak yang ingin melakukan penelitian agar masalah ini segera terselesaikan.⁠\n-⁠\nSimak selengkapnya dengan klik link di bio, ﻿atau download aplikasi kumparan di App Store dan Google Play.⁠\n-⁠⠀⁠\n#kumparanBISNIS #presiden #jokowi #obat #farmasi #bahanbaku #impor #dokter #rumahsakit #trendingtopic #info #videoviral #videooftheday #beritahariini #berita #beritaterkini #terbaru #indonesia #viral #news #like4like #instalike #repost #instadaily #instanews #instavideo #kumparan','2019-11-23 12:00:23',2,0,0,0,'2019-11-28 12:05:26','2019-11-28 12:05:26'),(95,'kumparancom','https://instagram.com/p/B5ML71wot4a',654741,6826,'Ditlantas Polda Metro Jaya dan Dinas Perhubungan DKI Jakarta telah berkoordinasi membahas aturan penggunaan skuter listrik. Sampai ada regulasi resmi, penggunaan skuter listrik hanya boleh di area tertentu saja. Salah satunya di Gelora Bung Karno.⁠\n-⁠\nSimak selengkapnya dengan klik link di bio, ﻿atau download aplikasi kumparan di App Store dan Google Play.⁠⠀⁠\n-⁠\n#kumparanNEWS #scooter #wheels #larangan #aturan #polri #kepolisian #trendingtopic #info #videoviral #videooftheday #beritahariini #berita #beritaterkini #terbaru #indonesia #viral #news #like4like #instalike #repost #instadaily #instanews #instavideo #kumparan','2019-11-23 09:00:53',2,0,0,0,'2019-11-28 12:05:27','2019-11-28 12:05:27'),(96,'kumparancom','https://instagram.com/p/B5K_VhADabu',654741,4667,'Tak sedikit pihak yang memandang sebelah mata saat @basukibtp didaulat sebagai komisaris utama @pertamina. Namun, agaknya Ahok tak memusingkan hal itu. Dirinya cenderung cuek, dan menganggap penolakkan adalah suatu hal yang biasa.\n-\nDitunggu gebrakan barunya, ya, pak!\n-\nSimak selengkapnya di kum.pr/ahokisback, atau klik link pada bio. Dan, jangan lupa subscribe untuk mendapatkan notifikasi jika ada story terbaru.⁠\n-⁠\n#kumparanNEWS #ahok #btp #basukitjahajapurnama #pertamina #jabatan #trendingtopic #info #videoviral #videooftheday #beritahariini #berita #beritaterkini #terbaru #indonesia #viral #news #like4like #instalike #repost #instadaily #instanews #instavideo #kumparan','2019-11-22 21:56:37',5,0,0,0,'2019-11-28 12:05:27','2019-11-28 12:05:27'),(97,'kumparancom','https://instagram.com/p/B5K1xh6ls9s',654741,8900,'Ahok ditunjuk jadi Komisaris Utama Pertamina. Apa @basukibtp cukup mumpuni untuk posisi itu?\n-\nSimak selengkapnya di kum.pr/ahokisback, atau klik link pada bio. Dan, jangan lupa subscribe untuk mendapatkan notifikasi jika ada story terbaru.⁠\n-⁠\n#kumparanNEWS #ahok #btp #basukitjahajapurnama #pertamina #jabatan #trendingtopic #info #videoviral #videooftheday #beritahariini #berita #beritaterkini #terbaru #indonesia #viral #news #like4like #instalike #repost #instadaily #instanews #instavideo #kumparan','2019-11-22 20:28:00',5,0,0,0,'2019-11-28 12:05:27','2019-11-28 12:05:27'),(98,'kumparancom','https://instagram.com/p/B5KvpI-FhBV',654741,4340,'Satuan Kerja Khusus Pelaksana Kegiatan Usaha Hulu Minyak dan Gas Bumi (SKK Migas) mencatat, per awal 2018 terdapat 128 cekungan di seluruh Indonesia yang berpotensi memiliki kandungan hidrokarbon—senyawa migas. Dari 128 cekungan tersebut, 74 di antaranya belum dieksplorasi.\n-\nSimak selengkapnya dengan klik link di bio, ﻿atau download aplikasi kumparan di App Store dan Google Play.⁠⠀⁠\n-⁠\n#kumparanNEWS #ahok #btp #basukitjahajapurnama #pertamina #jabatan #trendingtopic #info #videoviral #videooftheday #beritahariini #berita #beritaterkini #terbaru #indonesia #viral #news #like4like #instalike #repost #instadaily #instanews #instavideo #kumparan','2019-11-22 19:34:26',5,0,0,0,'2019-11-28 12:05:27','2019-11-28 12:05:27'),(99,'kumparancom','https://instagram.com/p/B5Kr3F8gxbA',654741,12373,'@basukibtp telah ditunjuk menjadi Komisaris Utama PT Pertamina. Menteri BUMN Erick Thohir mengatakan, dengan penunjukan tersebut, maka Ahok harus mundur dari @pdiperjuangan meski ia bukanlah pengurus partai. Erick menyebut, mundurnya Ahok dari PDIP tersebut semata-mata untuk menjaga independensi BUMN. @erickthohir juga telah berbicara dengan Ahok soal hal itu.⁠\n-⁠\nSimak selengkapnya dengan klik link di bio, ﻿atau download aplikasi kumparan di App Store dan Google Play.⁠⠀⁠\n-⁠\n#kumparanNEWS #ahok #btp #basukitjahajapurnama #pertamina #jabatan #trendingtopic #info #videoviral #videooftheday #beritahariini #berita #beritaterkini #terbaru #indonesia #viral #news #like4like #instalike #repost #instadaily #instanews #instavideo #kumparan','2019-11-22 19:01:23',5,0,0,0,'2019-11-28 12:05:27','2019-11-28 12:05:27'),(100,'kumparancom','https://instagram.com/p/B5KmyLmlwtU',654741,11182,'Simak penjelasannya dalam video berikut.\n-\n#kumparanNEWS #donaldtrump #america #presiden #dimakzulkan #trendingtopic #info #videoviral #videooftheday #beritahariini #berita #beritaterkini #terbaru #indonesia #viral #news #like4like #instalike #repost #instadaily #instanews #instavideo #kumparan','2019-11-22 18:18:59',5,0,0,0,'2019-11-28 12:05:27','2019-11-28 12:05:27'),(101,'kumparancom','https://instagram.com/p/B5Kk_edDQUX',654741,8088,'Ahok is back! Kini mantan gubernur DKI Jakarta itu akan resmi menjabat sebagai komisaris utama @pertamina. Bagaimana pendapatmu, gaes? Sampaikan saran dan harapan kamu untuk @basukibtp di kolom komentar, ya!⁠\n-⁠\n#reaksinetizen #ahok #btp #basukitjahajapurnama #pertamina #jabatan #trendingtopic #info #videoviral #videooftheday #beritahariini #berita #beritaterkini #terbaru #indonesia #viral #news #like4like #instalike #repost #instadaily #instanews #instavideo #kumparan','2019-11-22 18:01:21',5,0,0,0,'2019-11-28 12:05:27','2019-11-28 12:05:27'),(102,'kumparancom','https://instagram.com/p/B5KgdI9A-G8',654741,21486,'Menteri BUMN @erickthohir menyebut bahwa @basukibtp atau Ahok resmi menjadi Komisaris Utama PT Pertamina. Ahok menggantikan posisi Tanri Abeng. Sementara itu, Budi Gunadi Sadikin akan menjadi Wakil Komisaris Utama Pertamina dan Emma Sri Martini menjadi Direktur Keuangan @pertamina.⁠\n-⁠\nSimak selengkapnya dengan klik link di bio, ﻿atau download aplikasi kumparan di App Store dan Google Play.⁠⠀⁠\n-⁠\n#kumparanNEWS #ahok #btp #basukitjahajapurnama #pertamina #jabatan #trendingtopic #info #videoviral #videooftheday #beritahariini #berita #beritaterkini #terbaru #indonesia #viral #news #like4like #instalike #repost #instadaily #instanews #instavideo #kumparan','2019-11-22 17:21:43',4,0,0,0,'2019-11-28 12:05:27','2019-11-28 12:05:27'),(103,'kumparancom','https://instagram.com/p/B5KdbivjBns',654741,4159,'@ustadzabdulsomad_official menilai bermain catur dan dadu adalah haram. Menurut UAS, kedua permainan tersebut kerap membuat lupa waktu, sehingga pada akhirnya membuat seseorang melalaikan salat. Pernyataan itu menurut UAS pun telah sesuai rujukan Mazhab Hanafi. Bagaimana menurut kamu, gaes?⁠\n-⁠\nSimak selengkapnya dengan klik link di bio, ﻿atau download aplikasi kumparan di App Store dan Google Play.⁠⠀⁠\n-⁠⠀⁠\n#kumparanNEWS #uas #ustaz #abdulsomad #catur #dadu #dosa #haram #hukum #trendingtopic #info #videoviral #videooftheday #beritahariini #berita #beritaterkini #terbaru #indonesia #viral #news #like4like #instalike #repost #instadaily #instanews #instavideo #kumparan','2019-11-22 17:00:50',4,0,0,0,'2019-11-28 12:05:27','2019-11-28 12:05:27'),(104,'kumparancom','https://instagram.com/p/B5KakLHgNpq',654741,11307,'Hingga kini status @luisleeds masih berkewarganegaraan ganda: Australia dan Indonesia. Hal itu tak diperbolehkan secara hukum jika Luis ingin bertanding Formula 1 mewakili Indonesia. Namun, Luis sudah menetapkan pilihan. Ia ingin menjadi Indonesia seutuhnya.⁠\n-⁠\nSimak selengkapnya dengan klik link di bio, ﻿atau download aplikasi kumparan di App Store dan Google Play.⁠\n-⁠⠀⁠\n#kumparanSPORT #f1 #balap #mobil #balapmobil #luisleeds #atlet #kejuaraan #biografi #infografik #trendingtopic #info #videoviral #videooftheday #beritahariini #berita #beritaterkini #terbaru #indonesia #viral #news #like4like #instalike #repost #instadaily #instanews #instavideo #kumparan','2019-11-22 16:30:15',4,0,0,0,'2019-11-28 12:05:27','2019-11-28 12:05:27'),(105,'kumparancom','https://instagram.com/p/B5KWSd-FJ9a',654741,4355,'Peraturan penulisan ucapan cake oleh @touslesjoursid menuai kontroversi. Dalam aturan tersebut, konsumen dilarang merekues ucapan yang tak sesuai dengan syariat Islam. Menurut pihak TOUS les JOUR, aturan tersebut bukanlah peraturan resmi yang dikeluarkan perusahaan. Pihak TOUS les JOURS juga memastikan dalam menjalankan usahanya sangat mengedepankan toleransi.\n-\nSimak selengkapnya dengan klik link di bio, ﻿atau download aplikasi kumparan di App Store dan Google Play.⁠⠀⁠\n-⁠⠀⁠\n#kumparanFOOD #bakery #kue #roti #toko #aturan #viral #trendingtopic #info #videoviral #videooftheday #beritahariini #berita #beritaterkini #terbaru #indonesia #viral #news #like4like #instalike #repost #instadaily #instanews #instavideo #kumparan','2019-11-22 15:53:24',3,0,0,0,'2019-11-28 12:05:29','2019-11-28 12:05:29'),(106,'kumparancom','https://instagram.com/p/B5KQiKCAakG',654741,17952,'Gaji Staf Khusus Presiden adalah sebesar Rp 51 juta. Besaran itu diatur dalam Peraturan Presiden (Perpres) Nomor 144 Tahun 2015. Gaji tersebut merupakan pendapatan keseluruhan dan sudah termasuk di dalamnya gaji pokok, tunjangan kinerja, dan tunjangan pajak penghasilan. Selain itu, Staf Khusus Presiden juga tidak memperoleh rumah dan kendaraan dinas.⁠\n-⁠\nSimak selengkapnya dengan klik link di bio, ﻿atau download aplikasi kumparan di App Store dan Google Play.⁠\n-⁠⠀⁠\n#kumparanNEWS #jokowi #presidenjokowi #stafsus #stafkhusus #sekjenppp #konglomerat #arsulsani #partai #milenial #trendingtopic #info #videoviral #videooftheday #beritahariini #berita #beritaterkini #terbaru #indonesia #viral #news #like4like #instalike #repost #instadaily #instanews #instavideo #kumparan','2019-11-22 15:02:35',3,0,0,0,'2019-11-28 12:05:29','2019-11-28 12:05:29'),(107,'kumparancom','https://instagram.com/p/B5KM9g-j2hw',654741,7859,'Mewakili Indonesia di ajang balap mobil F1 adalah impian @luisleeds. Namun, sanggupkah Luis mewujudkannya? Berikut sepak terjang karier dan prestasi Luis.⁠\n-⁠\nSimak selengkapnya dengan klik link di bio, ﻿atau download aplikasi kumparan di App Store dan Google Play.⁠\n-⁠⠀⁠\n#kumparanSPORT #f1 #balap #mobil #balapmobil #luisleeds #atlet #kejuaraan #biografi #infografik #trendingtopic #info #videoviral #videooftheday #beritahariini #berita #beritaterkini #terbaru #indonesia #viral #news #like4like #instalike #repost #instadaily #instanews #instavideo #kumparan','2019-11-22 14:31:22',3,0,0,0,'2019-11-28 12:05:29','2019-11-28 12:05:29'),(108,'kumparancom','https://instagram.com/p/B5KJddMDfD2',654741,9388,'Ketua DPP PKS, @mardanialisera, mengapresiasi pilihan Jokowi terhadap milenial termasuk penyandang disabilitas tersebut. Namun, dia mempertanyakan peran dan tugas tiap stafsus. Ia khawatir pengangkatan stafsus ini berpotensi tumpang tindih dengan struktur staf kepresidenan, yang juga bertugas membantu Presiden @jokowi.⁠\n-⁠\nSimak selengkapnya dengan klik link di bio, ﻿atau download aplikasi kumparan di App Store dan Google Play.⁠\n-⁠⠀⁠\n#kumparanNEWS #jokowi #presidenjokowi #stafsus #stafkhusus #sekjenppp #konglomerat #arsulsani #partai #milenial #trendingtopic #info #videoviral #videooftheday #beritahariini #berita #beritaterkini #terbaru #indonesia #viral #news #like4like #instalike #repost #instadaily #instanews #instavideo #kumparan','2019-11-22 14:00:47',3,0,0,0,'2019-11-28 12:05:29','2019-11-28 12:05:29'),(109,'kumparancom','https://instagram.com/p/B5KF9pXAHDg',654741,4206,'Jaksa Agung Israel, Avichai Mandelblit, mendakwa Perdana Menteri Israel @b.netanyahu atas tuduhan korupsi. Dalam keterangannya, Avichai mengajukan tuntutan terhadap Netanyahu terkait sejumlah pelanggaran seperti suap, penipuan, dan penyalahgunaan kepercayaan. Namun, walau sudah didakwa, Netanyahu tetap dianggap tak bersalah hingga dijatuhkan vonis akhir.⁠\n-⁠\nSimak selengkapnya dengan klik link di bio, ﻿atau download aplikasi kumparan di App Store dan Google Play.⁠⠀⁠\n-⁠⠀⁠\n#kumparanNEWS #presiden #netanyahu #korupsi #dakwa #pengadilan #trendingtopic #info #videoviral #videooftheday #beritahariini #berita #beritaterkini #terbaru #indonesia #viral #news #like4like #instalike #repost #instadaily #instanews #instavideo #kumparan','2019-11-22 13:30:13',3,0,0,0,'2019-11-28 12:05:29','2019-11-28 12:05:29'),(110,'kumparancom','https://instagram.com/p/B5KAWLWl91K',654741,5559,'Seorang suporter Indonesia mengalami luka robek di bagian tangan saat menyaksikan laga Kualifikasi Piala Dunia 2022 Indonesia vs Malaysia di Stadion Bukit Jalil, Selasa (19/11. Luka tersebut akibat serangan dari oknum suporter Malaysia. Saat dikonfirmasi, KBRI Malaysia pun membenarkan hal itu.\n-\nSimak selengkapnya dengan klik link di bio, ﻿atau download aplikasi kumparan di App Store dan Google Play.⁠⠀⁠\n-⁠⠀⁠\n#kumparanNEWS #bola #sepakbola #malaysia #indonesia #kbri #terorbom #trendingtopic #info #videoviral #videooftheday #beritahariini #berita #beritaterkini #terbaru #indonesia #viral #news #like4like #instalike #repost #instadaily #instanews #instavideo #kumparan','2019-11-22 12:41:40',2,0,0,0,'2019-11-28 12:05:29','2019-11-28 12:05:29'),(111,'kumparancom','https://instagram.com/p/B5J9GByoKMm',654741,8963,'Karier @basukibtp alias Ahok ternyata belum tamat. Meredup di jalur politik akibat kasus penistaan agama, kini mantan gubernur DKI Jakarta itu akan menduduki jabatan Komisaris Utama Pertamina. Beban dan harapan disematkan ke pundaknya oleh pemerintah, seiring riuh penolakan dari internal Pertamina. Mampukah Ahok menghadapinya?⁠ #AhokisBack\n-⁠\nSimak selengkapnya di kum.pr/ahokisback, atau klik link pada bio. Dan, jangan lupa subscribe untuk mendapatkan notifikasi jika ada story terbaru.⁠\n-⁠\n#kumparanNEWS #ahok #btp #basukitjahajapurnama #pertamina #jabatan #trendingtopic #info #videoviral #videooftheday #beritahariini #berita #beritaterkini #terbaru #indonesia #viral #news #like4like #instalike #repost #instadaily #instanews #instavideo #kumparan','2019-11-22 12:12:43',2,0,0,0,'2019-11-28 12:05:29','2019-11-28 12:05:29'),(112,'kumparancom','https://instagram.com/p/B5J2acLIzYK',654741,8152,'Tiga suporter asal Bali ditahan polisi Malaysia dalam pertandingan Indonesia vs Malaysia di Stadion Bukit Jalil, Kuala Lumpur, Selasa (19/11). Mereka ditahan diduga karena teror bom di media sosial. Ketua Aliansi Suporter Indonesia Malaysia Luki Ardianto mengatakan, pihaknya telah meminta bantuan pengacara untuk menangani kasus ini.⁠\n-⁠\nSimak selengkapnya dengan klik link di bio, ﻿atau download aplikasi kumparan di App Store dan Google Play.⁠⠀⁠\n-⁠⠀⁠\n#kumparanNEWS #bola #sepakbola #malaysia #indonesia #kbri #terorbom #trendingtopic #info #videoviral #videooftheday #beritahariini #berita #beritaterkini #terbaru #indonesia #viral #news #like4like #instalike #repost #instadaily #instanews #instavideo #kumparan','2019-11-22 11:14:21',2,0,0,0,'2019-11-28 12:05:29','2019-11-28 12:05:29'),(113,'kumparancom','https://instagram.com/p/B5JoRTnFD6U',654741,16038,'Sedikit lagi, mantan gubernur DKI Jakarta, @basukibtp akan menjabat sebagai Komisaris Utama PT. Pertamina. Kira-kira, kebijakan baru apa saja, ya, yang akan Ahok buat?\n-\nSimak selengkapnya dengan klik link di bio, ﻿atau download aplikasi kumparan di App Store dan Google Play.⁠⠀⁠\n-⁠⠀⁠\n#kumparanNEWS #ahok #btp #basukitjahajapurnama #pertamina #jabatan #trendingtopic #info #videoviral #videooftheday #beritahariini #berita #beritaterkini #terbaru #indonesia #viral #news #like4like #instalike #repost #instadaily #instanews #instavideo #kumparan','2019-11-22 09:10:46',2,0,0,0,'2019-11-28 12:05:29','2019-11-28 12:05:29'),(114,'kumparancom','https://instagram.com/p/B5IUHQCIRiB',654741,2595,'Otoritas Israel pada Rabu (20/11) menutup Palestine TV yang beroperasi di Yerusalem. Stasiun TV tersebut diberi waktu enam bulan untuk menutup segala bentuk operasionalnya. Menteri Keamanan Israel, Gilad Erdan mengatakan, penutupan Palestine TV adalah bagian penegakan kedaulatan Israel di Yerusalem. Sebab, media itu diduga kerap menyebarkan propaganda anti-Israel.⁠\n-⁠\nSimak selengkapnya dengan klik link di bio, ﻿atau download aplikasi kumparan di App Store dan Google Play.⁠\n-⁠⠀⁠\n#kumparanNEWS #israel #yerusalem #tv #stasiuntv #boikot #tutup #trendingtopic #info #videoviral #videooftheday #beritahariini #berita #beritaterkini #terbaru #indonesia #viral #news #like4like #instalike #repost #instadaily #instanews #instavideo #kumparan','2019-11-21 21:00:57',5,0,0,0,'2019-11-28 12:05:30','2019-11-28 12:05:30'),(115,'kumparancom','https://instagram.com/p/B5IRPMiA3L6',654741,5802,'Per November 2019 ini, jumlah utang Perum Bulog ke perbankan nyaris mencapai Rp 28 triliun. Angkanya terus membengkak dibandingkan tahun 2017 lalu yang hanya Rp 13,2 triliun.⁠\n-⁠\nDirektur Utama Perum Bulog, Budi Waseso, dibuat gelisah karena Bulog terlilit utang cukup besar. Dia mengungkapkan utang Bulog makin bertambah karena pengadaan beras baik dari dalam negeri maupun luar negeri.⁠\n-⁠\nHmm, bagaimana ini, gaes?⁠\n-⁠\nSimak selengkapnya dengan klik link di bio, ﻿atau download aplikasi kumparan di App Store dan Google Play.⁠\n-⁠⠀⁠\n#kumparanBISNIS #bulog #buwas #perumbulog #angka #utang #triliun #utangbulog #trendingtopic #info #videoviral #videooftheday #beritahariini #berita #beritaterkini #terbaru #indonesia #viral #news #like4like #instalike #repost #instadaily #instanews #instavideo #kumparan','2019-11-21 20:30:15',5,0,0,0,'2019-11-28 12:05:30','2019-11-28 12:05:30'),(116,'kumparancom','https://instagram.com/p/B5IN577jahJ',654741,11055,'Ketua KPK Agus Rahardjo menjawab polemik diundangnya Ustaz Abdul Somad (UAS) ke kantornya pada Selasa (19/11). Ia mengaku, undangan terhadap UAS itu bukan dari KPK secara lembaga.⁠\n-⁠\nStaf yang mengundang UAS tersebut tergabung dalam organisasi kegiatan keagamaan internal, yaitu Badan Amal Islam KPK (BAIK). Agus menyampaikan, ia bahkan sudah mencegah BAIK untuk mengundang UAS. ⁠\n-⁠\nSimak selengkapnya dengan klik link di bio, ﻿atau download aplikasi kumparan di App Store dan Google Play.⁠\n-⁠⠀⁠\n#kumparanNEWS #uas #ustaz #kpk #abdulsomad #tausiah #aguskpk #trendingtopic #info #videoviral #videooftheday #beritahariini #berita #beritaterkini #terbaru #indonesia #viral #news #like4like #instalike #repost #instadaily #instanews #instavideo #kumparan','2019-11-21 20:01:08',5,0,0,0,'2019-11-28 12:05:30','2019-11-28 12:05:30'),(117,'kumparancom','https://instagram.com/p/B5IHgW1AHEW',654741,9086,'Berniat membantu rekannya dengan meminjamkan KTP, nama Dimas Agung Prayitno justru dicatut untuk menyicil mobil mewah Rolls-Royce Phantom. Atas hal itu, Dimas pun kerap mendapatkan surat tagihan dari bank. Setelah ditelusuri di kantor pajak, Dimas tercatat telah menunggak pajak setahun, dengan nilai tunggakan nyaris Rp 200 juta.⁠\n-⁠\nSimak selengkapnya dengan klik link di bio, ﻿atau download aplikasi kumparan di App Store dan Google Play.⁠⠀⁠\n-⁠⠀⁠\n#kumparanNEWS #mobil #mobilmewah #rollroyce #tunggakan #bank #ktp #catutktp #trendingtopic #info #videoviral #videooftheday #beritahariini #berita #beritaterkini #terbaru #indonesia #viral #news #like4like #instalike #repost #instadaily #instanews #instavideo #kumparan','2019-11-21 19:10:22',5,0,0,0,'2019-11-28 12:05:30','2019-11-28 12:05:30'),(118,'kumparancom','https://instagram.com/p/B5IGVYnAmRD',654741,16816,'Presiden @jokowi mengenalkan 7 nama sebagai staf khusus kepresidenan yang baru di Istana Merdeka, Jakarta Pusat, Kamis (21/11). Dari 7 nama ini, staf khusus Jokowi didominasi oleh kalangan milenial.⁠\n-⁠\nMereka adalah pendiri Ruangguru Adamas Belva Syah Devara, CEO dan Founder CreativePreneur Putri Indahsari Tanjung, CEO PT Amartha Mikro Fintek Andi Taufan Garuda Putra, perumus Gerakan Sabang Merauke Ayu Kartika Dewi, putra asli Papua dan CEO Kitong Bisa Gracia Billy Mambrasar, penyandang disabilitas yang aktif di bidang sociopreneur Angkie Yudistia, dan mantan Ketua Umum PB PMII Aminudin Maruf.⁠\n-⁠\nSimak selengkapnya dengan klik link di bio, ﻿atau download aplikasi kumparan di App Store dan Google Play.⁠\n-⁠⠀⁠\n#kumparanNEWS #jokowi #presidenjokowi #stafsus #stafkhusus #sekjenppp #konglomerat #arsulsani #partai #milenial #trendingtopic #info #videoviral #videooftheday #beritahariini #berita #beritaterkini #terbaru #indonesia #viral #news #like4like #instalike #repost #instadaily #instanews #instavideo #kumparan','2019-11-21 18:54:59',5,0,0,0,'2019-11-28 12:05:30','2019-11-28 12:05:30'),(119,'kumparancom','https://instagram.com/p/B5HsEcUAQJz',654741,11890,'Presiden @Jokowi akan segera mengumumkan stafsusnya hari ini, di antaranya dari kalangan milenial. Sekjen PPP, Arsul Sani, sebagai salah satu partai pengusung Jokowi, mengonfirmasi hal itu. Namun, Arsul belum mengetahui jumlah stafsus yang dibutuhkan Jokowi di periode kedua ini. Dia menyebut salah satu nama milenial yang akan jadi stafsus adalah anak konglomerat Chairul Tanjung, @putri_tanjung.⁠\n-⁠\nSimak selengkapnya dengan klik link di bio, ﻿atau download aplikasi kumparan di App Store dan Google Play.⁠\n-⁠⠀⁠\n#kumparanNEWS #jokowi #presidenjokowi #stafsus #stafkhusus #sekjenppp #konglomerat #arsulsani #partai #milenial #trendingtopic #info #videoviral #videooftheday #beritahariini #berita #beritaterkini #terbaru #indonesia #viral #news #like4like #instalike #repost #instadaily #instanews #instavideo #kumparan','2019-11-21 15:10:38',3,0,0,0,'2019-11-28 12:05:30','2019-11-28 12:05:30'),(120,'kumparancom','https://instagram.com/p/B5HoCvtDXjW',654741,6125,'@basukibtp alias Ahok menanggapi santai soal Federasi Serikat Pekerja Pertamina Bersatu (FSPPB) yang menentangnya menjadi Komisaris Utama PT Pertamina. Dia beranggapan bahwa penolakan merupakan hal yang wajar.⁠\n-⁠\nSimak selengkapnya dengan klik link di bio, ﻿atau download aplikasi kumparan di App Store dan Google Play.⁠⠀⁠\n-⁠⠀⁠\n#kumparanNEWS #ahok #btp #basukitjahajapurnama #pertamina #jabatan #rizalramli #quote #trendingtopic #info #videoviral #videooftheday #beritahariini #berita #beritaterkini #terbaru #indonesia #viral #news #like4like #instalike #repost #instadaily #instanews #instavideo #kumparan','2019-11-21 14:30:18',3,0,0,0,'2019-11-28 12:05:30','2019-11-28 12:05:30'),(121,'kumparancom','https://instagram.com/p/B5Hkpt5DSpG',654741,9000,'Kopilot Wings Air Nicolaus Anjar Aji ditemukan tewas tergantung di kamar indekosnya di Kalideres, Jakarta Barat. Polisi menduga aksi bunuh diri ini terkait dengan pemecatan Nicolaus dari perusahaannya.⁠\n-⁠\nSimak selengkapnya dengan klik link di bio, ﻿atau download aplikasi kumparan di App Store dan Google Play.⁠⠀⁠\n-⁠⠀⁠\n#kumparanNEWS #pilot #kopilot #bunuhdiri #wingsair #gantungdiri #kasus #polisi #meninggaldunia #trendingtopic #info #videoviral #videooftheday #beritahariini #berita #beritaterkini #terbaru #indonesia #viral #news #like4like #instalike #repost #instadaily #instanews #instavideo #kumparan','2019-11-21 14:00:40',3,0,0,0,'2019-11-28 12:05:30','2019-11-28 12:05:30'),(122,'kumparancom','https://instagram.com/p/B5HdMlBIzh1',654741,4039,'Bank DKI melaporkan kasus dugaan pembobolan rekening yang dilakukan oleh anggota Satpol PP DKI Jakarta. Pembobolan ini merugikan Bank DKI hingga Rp 32 miliar. 12 Satpol PP yang diduga membobol ATM modusnya dengan mengambil uang di ATM Bersama tanpa membuat saldo rekening mereka berkurang.\n-\nOtoritas Jasa Keuangan (OJK) menyatakan telah menerima laporan terkait kasus pembobolan rekening di Bank DKI ini beberapa bulan yang lalu. Bank DKI pun telah melakukan perbaikan dalam proses transaksi melalui ATM.\n-\nSimak selengkapnya dengan klik link di bio, ﻿atau download aplikasi kumparan di App Store dan Google Play.⁠\n-⁠⠀⁠\n#kumparanBISNIS #ojk #atm #satpolpp #bankdki #bobolatm #pembobolan #rekening #dki #trendingtopic #info #videoviral #videooftheday #beritahariini #berita #beritaterkini #terbaru #indonesia #viral #news #like4like #instalike #repost #instadaily #instanews #instavideo #kumparan','2019-11-21 13:00:38',3,0,0,0,'2019-11-28 12:05:31','2019-11-28 12:05:31'),(123,'kumparancom','https://instagram.com/p/B5HW5tKgNxW',654741,5382,'Ketua PP Muhammadiyah Prof Bahtiar Effendy meninggal dunia. Ia mengembuskan nafas terakhir di ICU RSIJ Cempaka Putih, pada Kamis (21/11) pukul 00.00 dini hari. Sebelumnya, Bahtiar sudah beberapa hari dirawat di RSIJ Cempaka Putih. Sejak Rabu (20/11), kondisinya menurun. Jenazah Bahtiar akan dikebumikan pada Kamis (21/11) setelah zuhur di pemakaman Lamperes, Depok.⁠\n-⁠\nSimak selengkapnya dengan klik link di bio, ﻿atau download aplikasi kumparan di App Store dan Google Play.⁠\n-⁠⠀⁠\n#kumparanNEWS #muhammadiyah #profbahtiar #effendy #bahtiareffendywafat #ketuappmuhammadiyah #trendingtopic #info #videoviral #videooftheday #beritahariini #berita #beritaterkini #terbaru #indonesia #viral #news #like4like #instalike #repost #instadaily #instanews #instavideo #kumparan','2019-11-21 12:00:31',2,0,0,0,'2019-11-28 12:05:31','2019-11-28 12:05:31'),(124,'kumparancom','https://instagram.com/p/B5HIk2mga9j',654741,4250,'Mantan Gubernur DKI Jakarta, Basuki Tjahaja Purnama alias Ahok, mengkritik balik pernyataan Rizal Ramli yang menyebut kapasitasnya kelas Glodok, sehingga tak pantas menjadi Komisaris Utama PT Pertamina. Menurut @basukibtp, kelas Glodok justru kerap memiliki beragam usaha yang sukses.\n-\nSimak selengkapnya dengan klik link di bio, ﻿atau download aplikasi kumparan di App Store dan Google Play.⁠⠀⁠\n-⁠⠀⁠\n#kumparanBISNIS #ahok #btp #basukitjahajapurnama #pertamina #jabatan #rizalramli #quote #trendingtopic #info #videoviral #videooftheday #beritahariini #berita #beritaterkini #terbaru #indonesia #viral #news #like4like #instalike #repost #instadaily #instanews #instavideo #kumparan','2019-11-21 10:00:33',2,0,0,0,'2019-11-28 12:05:31','2019-11-28 12:05:31'),(125,'ridwankamil','https://instagram.com/p/B5T15mogc5I',11234545,107504,'SELAMAT & TERIMA KASIH para pelajar Jawa Barat yang kembali menjadi juara umum 3 tahun berturut-turut dan Pekan Olahraga Pelajar Nasional XV tahun 2019 ini di Jakarta. .\n\nKamu-kamu adalah luar biasa.\n\nSesuai semboyan “Mens sana in corpore sano” yaitu menang di sana juara di sini. \n#JABARJUARA','2019-11-26 08:22:16',2,0,0,0,'2019-11-28 12:05:36','2019-11-28 12:05:36'),(126,'ridwankamil','https://instagram.com/p/B5RqvqnApKV',11234545,110205,'Ini adalah Ibu Nunung Nurhasanah, guru jaman saya sekolah di SD Banjarsari Bandung, sekitar 35 tahun yang lalu. Beliau selain mengajari saya di kelas,  juga aktif mengarahkan dan memotivasi saya untuk menyalurkan energi motoriknya dengan aktif ikut organisasi: Pramuka, Pengibar Bendera dan ikut grup menari.\n\nWaktu SD saya hiper aktif dan agak bengal. Pernah main bola di kelas sampai memecahkan kaca ruang guru di sebelahnya. Pernah dihukum bersihkan WC selama seminggu tiap jam istirahat. Ibu Nunung lah yang menasehati saya dengan sabar. Dan buahnya, sebagian aspek kepemimpinan saya hari ini datang dari nasehat2 beliau. \nDi rumah, orangtua adalah guru kita. Sebaliknya, di sekolah, guru lah pengganti orang tua kita.\n\nAda sedikit bantuan ibadah umrah untuk Ibu Nunung dan suami sesuai cita-citanya. Hal yang sedikit dibanding ilmu yang diberikan Ibu kepada saya. Semoga manfaat dan mabrur.\n\nTerima kasih untuk Ibu Nunung dan guru-guru teladan lainnya se Indonesia yang selalu bersabar dalam mendidik kami para muridnya. .\n\nSelamat Hari Guru.','2019-11-25 12:12:38',2,0,0,0,'2019-11-28 12:05:37','2019-11-28 12:05:37'),(127,'ridwankamil','https://instagram.com/p/B5O5aPWAYCl',11234545,139875,'“Bunga-bunga Cinta di kebun pernikahan itu harus rajin dirawat dan dijaga”\n\nAda puluhan ribu pasangan di Jawa Barat mengajukan gugatan perceraian setiap tahun. Kebanyakan karena faktor ekonomi dan perselingkuhan. Apalagi godaan yang hilir mudik melalui media sosial atau digital.\nSuatu fenomena sosial yang mengkhawatirkan.\n\nKepada yang sudah menikah semoga kehangatan cintanya selalu dirawat dan dijaga dari godaan yang datang menghampiri.\n\nSelamat berhari Minggu. #JanganLupaBahagia bersama yang dicinta.','2019-11-24 10:16:44',2,0,0,0,'2019-11-28 12:05:37','2019-11-28 12:05:37'),(128,'viceind','https://instagram.com/p/B5XB-FlgqHc',341855,37403,'Bisnis perumahan eksklusif Islami—dilengkapi dewan syuro dan hukum syariah—berkembang pesat. Ada kekhawatiran tren ini merusak kohesi sosial. Penghuni pada VICE mengaku ingin bebas menjalankan agama. Selengkapnya di VICE.com. Link di bio. #viceindonesia\n-\n?Muhammad Ishomuddin','2019-11-27 14:05:27',3,0,0,0,'2019-11-28 12:05:42','2019-11-28 12:05:42'),(129,'viceind','https://instagram.com/p/B5W0MOCDhO6',341855,24414,'Penyanyi 33 tahun ini jadi trending topic di Twitter, gara-gara mengaku ke media asing kalau dia tidak berdarah Indonesia. Buat kalian yang sewot sama penyanyi pop 33 tahun itu, emang apa sih yang bisa kita sebut sebagai \"darah Indonesia\"? #opini\n-\nSelengkapnya di VICE.com. Link di bio. #viceindonesia\n-\n? Matt Winklemeyer/AFP','2019-11-27 12:05:03',2,1,1,1,'2019-11-28 12:05:42','2020-01-16 20:24:47'),(130,'viceind','https://instagram.com/p/B5UckzUgDvO',341855,29885,'Instant Pot adalah penemuan penting bagi jagat kuliner. Alat masak ini segera ngetren dan muncul dalam berbagai variasi fungsinya selama beberapa tahun terakhir. Intinya, Instant Pot merupakan kombinasi panci presto dan slow cooker ala-ala magic jar yang biasa kalian pakai menanak nasi. Instant Pot, yang pertama kali muncul di pasaran pada 2010, ternyata bisa dipakai untuk berbagai kebutuhan memasak. Termasuk, menghasilkan fermentasi anggur merah di rumah kalian sendiri. Selengkapnya di VICE.com. Link di bio. #viceindonesia\n-\n? Alachua Country/Flickr','2019-11-26 14:00:13',3,1,1,1,'2019-11-28 12:05:43','2019-11-29 20:23:59'),(131,'viceind','https://instagram.com/p/B5NbKHcA1hh',341855,21021,'Kamu berhak mau balas chat atau enggak, terutama kalau kamu enggak menyukai orang yang menghubungimu. Selengkapnya di VICE.com. Link di bio. #viceindonesia','2019-11-23 20:33:09',5,1,1,1,'2019-11-28 12:05:43','2019-11-29 20:20:24'),(132,'humas.jateng','https://instagram.com/p/B5m0WwClxQQ',11445,499,'Five, four, three, two, one, #CloseTheDoor!\nFamiliar sama dengan jargonnya? ?\n\nAkan ada bincang-bincang seru dan menarik. Pakdhe @ganjar_pranowo bersama mantan pesulap kenamaan Indonesia siapa lagi kalau bukan mas @mastercorbuzier \nTunggu tanggal mainnya ya #SahabatHumas ??\n———\n#HumasJateng #GanjarPranowo #DeddyCorbuzier #JatengGayeng #JawaTengah','2019-12-03 17:14:20',4,1,1,1,'2019-12-04 20:22:36','2019-12-04 21:02:21'),(133,'humasprovjatim','https://instagram.com/p/B5l4kaWABZ9',10649,290,'Saat menjadi inspektur upacara peringatan HUT KORPRI ke 48, di halaman Grahadi, Senin (2/12) kemarin, Gubernur Jawa Timur @khofifah.ip meminta ASN di jajaran Pemprov Jawa Timur untuk berpikir lateral (lateral thinking) atau berpikir melompat. Sesuai arahan Presiden Joko Widodo, seluruh ASN harus membuat inovasi dan juga melakukan perubahan agar percepatan layanan masyarakat bisa terwujud. Percepatan layanan itu salah satunya bisa dilakukan dengan maksimalisi pemanfaatan teknologi.\n.\nDalam bekerja ASN tidak sekedar melakukan yang lebih baik dari kemarin. Tapi harus melakukan hal yang lebih baik dari negara lain. Oleh sebab itu berpikir melompat harus menjadi poin penekanan dalam cara kerja ASN.  Pasalnya saat ini tantangan dalam penerapan lateral thinking adalah ASN dalam bekerja senantiasa dalam format  struktural. Dimana cara kerja dan kordinasi  birokrasi harus sesuai dengan jenjang stuktural birokrasi. Sehingga terkesan strukturalis. Saat ini dibutuhkan format agar lebih fungsional. .\n.\n.\n#gubernurjatim #khofifah #korpri #harikorpri #harikorpri2019','2019-12-03 08:31:55',2,1,1,1,'2019-12-04 20:22:38','2019-12-04 21:01:47'),(134,'humas_jabar','https://instagram.com/p/B5nU_83hSik',89274,451,'Salah satunya dengan mendesain kota baru di sekitar pelabuhan Patimban, supaya akses menuju pelabuhan tertata?\n.\n“ Saya sudah minta ke JICA bulan Januari 2020 untuk mulai mendesain masterplan sebuah kota, sehingga jelas kalau mau ada pusat pemerintahan Subang silakan, rekreasi, industri dan lainnya. Akhirnya (Patimban) menjadi contoh pelabuhan di Indonesia” - Ridwan Kamil, Gubernur Jawa Barat.\n.\n.\n#JabarKita #JabarJuaraLahirBatin\nDok Humas Jabar @yanaimisiana .\n.\n#banggajadiwargajabar #jawabarat #jabar #HumasJabar #gedungsate #westjava \n#RidwanKamil #UuRuzhanulUlum','2019-12-03 21:59:35',5,1,1,1,'2019-12-04 20:22:41','2019-12-04 21:00:23'),(135,'jokowi','https://instagram.com/p/B5mznYuh2Ly',26899852,313793,'Disabilitas bukanlah penghalang seseorang untuk belajar, untuk bekerja, untuk maju.\n\nSaya ingin mengajak kita semua untuk memberikan perlakuan dan kesempatan yang sama pada saudara-saudara kita penyandang disabilitas untuk bersama-sama membangun bangsa.\n\nSelamat Hari Disabilitas Internasional.','2019-12-03 17:07:52',4,1,1,1,'2019-12-04 20:22:43','2019-12-04 20:59:53'),(136,'jokowi','https://instagram.com/p/B5l1UpZBXbO',26899852,309961,'Selamat pagi. Menjelang akhir tahun 2019 ini, pembangunan jalan tol Trans Sumatra tetap berjalan. Panjang totalnya 2.974 kilometer, membelah Pulau Sumatra dari Lampung sampai Aceh, dan ditargetkan selesai tahun 2024.\n\nHingga akhir 2019 ini, Tol Trans Sumatra yang beroperasi adalah 501,16 kilometer!\n\nRuas-ruas yang telah rampung dan dapat dilalui adalah Bakauheni – Terbanggi Besar 141 kilometer, Terbanggi Besar - Pematang Panggang - Kayu Agung sepanjang 189 kilometer, Palembang – Indralaya 22 kilometer, Medan – Binjai 10,46 kilometer, Medan – Kualanamu – Tebing Tinggi 62,2 kilometer dan Belawan - Medan - Tanjung Morawa 43 kilometer. Dan yang segera beroperasi Desember ini adalah Kayu Agung-Jakabaring sepanjang 33,5 kilometer.\n\nJalan tol ini akan memangkas waktu tempuh antardaerah dan memperlancar arus distribusi barang dari pusat industri ke berbagai wilayah di Sumatra, dan menghidupkan titik-titik perekonomian baru di sepanjang Pulau Sumatra.','2019-12-03 08:03:33',2,1,1,1,'2019-12-04 20:22:43','2019-12-04 20:59:10'),(137,'kaltaraprov','https://instagram.com/p/B5mGqp6oPdB',14414,312,'Salah satunya, adalah pembangunan jalan pendekat dari Tanjung Selor menuju Tanah Kuning. Kepala Bidang Bina Marga Dinas Pekerjaan Umum Penataan Ruang Perumahan dan Kawasan Permukiman (DPUR-Perkim) Kaltara, Yusran menjelaskan, jalan pendekat itu merupakan jalan baru dengan titik temu di Desa Binai dengan jarak 39,85 kilometer. Sementara jika dibandingkan dengan jalan yang ada sekarang berjarak 72,47 kilometer. “Dengan kata lain, jalan baru yang kita bangun nantinya akan memangkas 32,62 kilometer dengan jalan yang ada saat ini,” jelasnya.\n.\nJalan baru ini nantinya akan mendukung kegiatan di KIPI Tanah Kuning-Mangkupadi untuk mengangkut kendaraan yang bertonase besar. Menurutnya, jalan yang ada saat ini tidak layak digunakan untuk kegiatan industri. Lantaran fisik jalan yang sempit dan berkelok, di mana beban jalan yang ditanggung juga kecil. “Saat ini, proses pembentukan jalan masih berupa timbunan dan belum terkoneksi. Ini dibangun secara perlahan dan akan terus berprogress,” kata Yusran. (@abdul_khalik_p_barana)\n.\nCek keterangan lengkapnya di:\nhttps://humas.kaltaraprov.go.id\n.\n? by: dokumeninfopubdok\n.\n#kaltarapastiterdepan\n#kaltaraprov\n#infokaltara \n#beritakaltara19\n#humasprovkaltara \n#humprosetdakaltara','2019-12-03 10:35:06',2,1,1,1,'2019-12-04 20:22:45','2019-12-04 20:58:25'),(138,'kumparancom','https://instagram.com/p/B5nGyuPoNAN',660574,5731,'Menantu Presiden @jokowi, Bobby Afif Nasution memantapkan niatnya mengikuti pemilihan Wali Kota Medan tahun 2020. Bobby menyerahkan formulir pendaftaran serta berkas persyaratan calon Wali Kota Medan ke kantor DPD PDIP Sumut, pada Selasa (3/12). Ia mengungkapkan, ini merupakan bentuk keseriusannya ingin terjun ke politik.⁠\n-⁠\nSimak selengkapnya dengan klik link di bio, ﻿atau download aplikasi kumparan di App Store dan Google Play.⁠\n-⁠⠀⁠\n#kumparanNEWS #bobby #pdip #jokowi #menantujokowi #presidenjokowi #walikotamedan #calonwalikota #calonwalikotamedan #trendingtopic #info #videoviral #videooftheday #beritahariini #berita #beritaterkini #terbaru #indonesia #viral #news #like4like #instalike #repost #instadaily #instanews #instavideo #kumparan','2019-12-03 20:01:21',5,1,1,1,'2019-12-04 20:22:48','2019-12-04 20:57:42'),(139,'kumparancom','https://instagram.com/p/B5myynsjjwB',660574,4314,'Seorang ibu di Makassar, Samina (42), memaksa anaknya (9) mengemis di sekitar Mall Panakkukang. Anaknya mengemis demi membayar arisan yang diikuti Samina. Perlakuan Samina kepada anaknya terungkap dari video yang beredar di media sosial pada Senin (2/12).⁠\n-⁠\nSimak selengkapnya dengan klik link di bio, ﻿atau download aplikasi kumparan di App Store dan Google Play.⁠\n-⁠⠀⁠\n#kumparanNEWS #makassar #ibu #aniaya #penganiayaan #ibudananak #aniayaanak #kasus #trendingtopic #info #videoviral #videooftheday #beritahariini #berita #beritaterkini #terbaru #indonesia #viral #news #like4like #instalike #repost #instadaily #instanews #instavideo #kumparan','2019-12-03 17:00:40',4,1,1,1,'2019-12-04 20:22:48','2019-12-04 20:56:22'),(140,'kumparancom','https://instagram.com/p/B5mnzxWAsxF',660574,7117,'Cabang olahraga angkat besi kembali menyumbangkan medali emas untuk kontingen Indonesia di SEA Games 2019. Kali ini Deni mempersembahkannya dari nomor 69 kg putra di Ninoy Aquino Memorial Stadium, Selasa (3/12). Deni berhasil menorehkan angkatan terbaik dengan total beban 315 kg.⁠\n-⁠\nBerkat ini, Indonesia bisa melampaui jumlah perolehan emas Indonesia Malaysia di ajang SEA Games 2019. Indonesia menorehkan 11 emas, atau unggul 1 atas Malaysia.⁠\n-⁠\nSimak selengkapnya dengan klik link di bio, ﻿atau download aplikasi kumparan di App Store dan Google Play.⁠\n-⁠⠀⁠\n#kumparanSPORT #deni #angkatbesi #seagames #seagames2019 #trendingtopic #info #videoviral #videooftheday #beritahariini #berita #beritaterkini #terbaru #indonesia #viral #news #like4like #instalike #repost #instadaily #instanews #instavideo #kumparan','2019-12-03 15:24:42',3,1,1,1,'2019-12-04 20:22:49','2019-12-04 20:55:30'),(141,'kumparancom','https://instagram.com/p/B5mmhsOAx_N',660574,8228,'Ditjen Bea dan Cukai Kemenkeu memastikan adanya 18 kotak selundupan yang dibawa melalui pesawat baru Airbus A330-900 Neo milik Garuda Indonesia. Kasubdit Komunikasi Dan Publikasi Bea Cukai Deni Surjantoro menegaskan, kotak itu milik penumpang VIP yang ikut dalam pendaratan pertama Airbus baru Garuda tersebut.⁠\n-⁠\n18 kotak selundupan tersebut terdiri dari 15 kotak yang berisi spare part motor Harley Davidson bekas dan sisanya merupakan unit sepeda lipat baru merek Brompton.⁠\n-⁠\nSimak selengkapnya dengan klik link di bio, ﻿atau download aplikasi kumparan di App Store dan Google Play.⁠\n-⁠⠀⁠\n#kumparanBISNIS #pesawat #kemenkeu #pesawatgaruda #selundupan #sparepart #harley #brompton #trendingtopic #info #videoviral #videooftheday #beritahariini #berita #beritaterkini #terbaru #indonesia #viral #news #like4like #instalike #repost #instadaily #instanews #instavideo #kumparan','2019-12-03 15:13:30',3,1,1,1,'2019-12-04 20:22:49','2019-12-04 20:54:03'),(142,'kumparancom','https://instagram.com/p/B5mDPuKD-Lc',660574,7353,'Ledakan di Monas tak membuat aktivitas Presiden Jokowi terganggu. Jokowi tetap berkantor di Istana Negara, Jakarta, Selasa (3/12). Iring-iringan mobil kepresidenan tampak memasuki kompleks Istana sekitar pukul 08.50 WIB. Tampak penjagaan ketat oleh Paspampres di luar Istana. Sejumlah agenda kenegaraan rencananya akan diikuti @jokowi.\n-\nSimak selengkapnya dengan klik link di bio, ﻿atau download aplikasi kumparan di App Store dan Google Play.⁠\n-⁠⠀⁠\n#kumparanNEWS #bom #monas #bommonas #ledakan #ledakanjakarta #trendingtopic #info #videoviral #videooftheday #beritahariini #berita #beritaterkini #terbaru #indonesia #viral #news #like4like #instalike #repost #instadaily #instanews #instavideo #kumparan','2019-12-03 10:05:13',2,1,1,1,'2019-12-04 20:22:49','2019-12-04 20:52:51'),(143,'kumparancom','https://instagram.com/p/B5mAsy2FGGb',660574,10147,'Ledakan terjadi di Monas, Jakarta Pusat sekitar pukul 07.05 WIB, Selasa (3/12). Berdasarkan informasi yang diterima saat ini, ada dua korban terluka akibat insiden ini. Polri dan TNI masih berada di lokasi untuk melakukan penyelidikan dan olah TKP. Petugas telah meminta pengunjung untuk keluar dari area Monas.\n-\nSimak selengkapnya dengan klik link di bio, ﻿atau download aplikasi kumparan di App Store dan Google Play.⁠\n-⁠⠀⁠\n#kumparanNEWS #bom #monas #bommonas #ledakan #ledakanjakarta #trendingtopic #info #videoviral #videooftheday #beritahariini #berita #beritaterkini #terbaru #indonesia #viral #news #like4like #instalike #repost #instadaily #instanews #instavideo #kumparan','2019-12-03 09:42:58',2,1,1,1,'2019-12-04 20:22:50','2019-12-04 20:52:14'),(144,'viceind','https://instagram.com/p/B5m5m3Fgyfk',346635,17856,'Sudah memaksa para ayam memproduksi telur lewat cara-cara tidak normal, kini setelah kelebihan kuota, jutaan ayam akan dibunuh begitu saja atas nama kontrol harga. Keputusan ini diambil Kementerian Pertanian (Kementan) pada 27 November lalu. Anjloknya harga ayam karena kelebihan suplai membuat 7 juta bibit ayam akan dimusnahkan setiap minggu sejak Desember 2019. Kata peternak lokal, ini semua gara-gara pemerintah membuka impor. Selengkapnya di VICE.com. Link di bio. #viceindonesia\n-\n? Ahmad Zamroni/AFP','2019-12-03 18:00:14',5,1,1,1,'2019-12-04 20:22:56','2019-12-04 20:45:15'),(145,'viceind','https://instagram.com/p/B5mQ96Sof_R',346635,25794,'Startup pembuat matras Wakefit sedang mencari karyawan magang yang mau tidur sembilan jam penuh selama 100 malam, dengan iming-iming uang saku 100 Ribu Rupee atau setara Rp19,6 juta. Ini baru yang namanya pekerjaan ideal bagi kaum rebahan. Selengkapnya di VICE.com. Link di bio. #viceindonesia\n-\n? Kinga Chichewics/Unsplash','2019-12-03 12:05:07',2,1,1,1,'2019-12-04 20:22:56','2019-12-04 20:44:40'),(146,'humasprovjatim','https://instagram.com/p/CAXUUY2A5IC',26202,288,'Gubernur Jawa Timur, Khofifah Indar Parawansa mengungkapkan duka cita yang sangat mendalam atas meninggalnya seorang perawat yang tengah dalam kondisi mengandung dan berstatus Pasien Dalam Pengawasan (PDP).\n.\nPerawat tersebut bernama Ari Puspitasari dan dalam setiap harinya ia bekerja di RS Royal Surabaya. Ari sapaan lekat almarhumah ini meninggal pada hari Senin (18/5) pukul 10.15.\n.\n\"Innalillahi wa innailaihi rojiun, Kembali pahlawan medis Jawa Timur berpulang. Atas nama pribadi dan Pemprov Jawa Timur, saya ucapkan duka cita mendalam dan terimakasih yang sebesar-besarnya atas pengabdian dan pengorbanan almarhumah Ari Puspita S.kep, NS,\" ungkap Khofifah saat ditemui di Gedung Grahadi, Surabaya, Senin (18/5).\n.\n.\n#khofifah\n#emil\n#arumi\n#jawatimur\n#nawabhaktisatya\n\n#gubernur\n#gubernurjatim\n#eastjava\n#wonderfuleastjava\n#cettar\n#jatimcettar\n#humas\n#humasjatim\n#provinsijawatimur\n#millenial\n#cegahcovid19\n#ayobersamalawancovid19\n#gotongroyonglawancovid19\n@khofifah.ip \n@emildardak','2020-05-19 16:25:33',4,1,1,1,'2020-05-20 15:47:38','2020-05-21 06:26:40'),(147,'kumparancom','https://instagram.com/p/CAXeisNFfOT',949890,6977,'Kasus virus corona di Aceh saat ini tercatat hanya ada 2 kasus aktif yang sedang ditangani. Provinsi paling barat Indonesia itu menjadi satu-satunya wilayah dengan kasus positif aktif paling sedikit secara nasional.\n-\nKepala Balai Litbangkes Aceh, Fahmi Ichwansyah, mengakui penurunan kasus tersebut. Bahkan, sejak sepekan terakhir Balitbangkes Aceh hanya memeriksa 3-10 sampel per hari. Fahmi menilai, penurunan angka kasus COVID-19 di Aceh karena Tim Gugus Tugas, Pemerintah Aceh, dan semua perangkat sudah berjalan dengan baik.\n-\nTemukan update terkini seputar virus corona hanya di kumparan.com/corona atau klik link di bio.⁠\n-⁠\n#kumparanNEWS #kuatbersama #dirumahaja #psbb #aceh #pemerintah #positifcorona #viruscorona #covid19 #trendingtopic #info #videoviral #videooftheday #beritahariini #berita #beritaterkini #terbaru #indonesia #viral #news #like4like #instalike #repost #instadaily #instanews #instavideo #kumparan','2020-05-19 17:54:53',4,0,0,0,'2020-05-20 15:47:50','2020-05-20 08:47:50'),(148,'kumparancom','https://instagram.com/p/CAXRI9iFOn-',949890,3955,'Juru bicara pemerintah untuk penanganan COVID-19, Achmad Yurianto, mengatakan pada Selasa (19/5) terdapat penambahan sebanyak 486 kasus positif. Sehingga total kasus positif corona menjadi 18.496 dari sebelumnya 18.010 orang.\n-\nPasien yang meninggal bertambah sebanyak 30 orang. Sehingga total kasus meninggal sebanyak 1.221 orang. Kabar baiknya, pasien yang sembuh terdapat tambahan 143 pasien. Sehingga total pasien yang sembuh sebanyak 4.467 orang.\n-\nTemukan update terkini seputar virus corona hanya di kumparan.com/corona atau klik link di bio.⁠\n-⁠\n#kumparanNEWS #kuatbersama #dirumahaja #pemerintah #pasien #pandemi #pasiencorona #viruscorona #covid19 #trendingtopic #info #videoviral #videooftheday #beritahariini #berita #beritaterkini #terbaru #indonesia #viral #news #like4like #instalike #repost #instadaily #instanews #instavideo #kumparan','2020-05-19 15:57:46',3,0,0,0,'2020-05-20 15:47:51','2020-05-20 08:47:51'),(149,'kumparancom','https://instagram.com/p/CAW-CM9gIyy',949890,5424,'Sebuah video penjemputan Habib Bahar bin Smith untuk kembali ke jeruji besi di Lapas Gunung Sindur beredar. Dalam video itu, tampak percakapan Habib Bahar dengan petugas yang menjemputnya. Tak ada perlawanan dari Habib Bahar maupun pendukungnya. Namun, ia meminta izin untuk merokok satu batang sebelum dibawa kembali ke bui.⁠\n-⁠\nSimak selengkapnya dengan klik link di bio, ﻿atau download aplikasi kumparan di App Store dan Google Play.⠀⁠\n-⁠⠀⁠\n#kumparanNEWS #habibbahar #kriminal #tahanan #asimilasi #bogor #trendingtopic #info #videoviral #videooftheday #beritaharcdiini #berita #beritaterkini #terbaru #indonesia #viral #news #like4like #instalike #repost #instadaily #instanews #instavideo #kumparan','2020-05-19 13:15:57',3,0,0,0,'2020-05-20 15:47:51','2020-05-20 08:47:51'),(150,'kumparancom','https://instagram.com/p/CAW7ucclYDD',949890,13709,'Istilah The New Normal muncul hampir bersamaan dengan rencana Presiden Jokowi untuk melonggarkan PSBB. Banyak pihak mengaitkan new normal sebagai cara hidup baru setelah virus corona \"hadir\" di bumi dan hingga kini belum ditemukan vaksin sebagai antivirus. Simak penjelasan berikut.\n-\nTemukan update terkini seputar virus corona hanya di kumparan.com/corona atau klik link di bio.⁠\n-⁠\n#kumparanNEWS #kuatbersama #dirumahaja #psbb #newnormal #pemerintah #psbb #jakarta #psbbjakarta #viruscorona #covid19 #trendingtopic #info #videoviral #videooftheday #beritahariini #berita #beritaterkini #terbaru #indonesia #viral #news #like4like #instalike #repost #instadaily #instanews #instavideo #kumparan','2020-05-19 12:50:39',2,0,0,0,'2020-05-20 15:47:52','2020-05-20 08:47:52'),(151,'kumparancom','https://instagram.com/p/CAW46u1ljGI',949890,7625,'Konser amal corona bertajuk \'Berbagi Kasih Bersama Bimbo\' pada Minggu (17/5) malam menuai kritik. Acara yang diinisiasi MPR, Badan Pembinaan Ideologi Pancasila (BPIP) dan Badan Nasional Penanggulangan Bencana (BNPB) itu dinilai mengabaikan physical distancing.\n-\nMerespons hal itu, Ketua MPR, Bambang Soesatyo, meminta maaf dan memberikan klarifikasi. Bamsoet mengaku tak menyangka solidaritas masyarakat luar biasa untuk bisa saling membantu sesama. Menurutnya, sejak awal, semua pihak di studio sudah berupaya menjaga jarak.\n-\nTemukan update terkini seputar virus corona hanya di kumparan.com/corona atau klik link di bio.⁠\n-⁠\n#kumparanNEWS #kuatbersama #dirumahaja #psbb #bamsoet #mpr #konseramal #jakarta #psbbjakarta #viruscorona #covid19 #trendingtopic #info #videoviral #videooftheday #beritahariini #berita #beritaterkini #terbaru #indonesia #viral #news #like4like #instalike #repost #instadaily #instanews #instavideo #kumparan','2020-05-19 12:26:07',2,0,0,0,'2020-05-20 15:47:52','2020-05-20 08:47:52'),(152,'kumparancom','https://instagram.com/p/CAWyx9eFCUr',949890,14025,'Sejumlah pengendara kendaraan bermotor mengalami kemacetan lalu lintas di Tol Dalam Kota dan Jalan MT Haryono, Pancoran, Jakarta, Senin (18/5). Berikut potretnya.\n-\nMeski status PSBB untuk menekan virus corona masih berlaku, banyak kendaraan pribadi yang masih beraktivitas seperti biasa. Penerapan PSBB di Jakarta masih berlaku hingga 22 Mei 2020, namun masih terlihat warga yang melanggar aturan tersebut.\n-\nTemukan update terkini seputar virus corona hanya di kumparan.com/corona atau klik link di bio.⁠\n-⁠\n#kumparanNEWS #kuatbersama #dirumahaja #psbb #pancoran #macet #jakarta #psbbjakarta #viruscorona #covid19 #trendingtopic #info #videoviral #videooftheday #beritahariini #berita #beritaterkini #terbaru #indonesia #viral #news #like4like #instalike #repost #instadaily #instanews #instavideo #kumparan','2020-05-19 11:32:29',2,1,1,1,'2020-05-20 15:47:52','2020-05-21 06:21:48'),(153,'kumparancom','https://instagram.com/p/CAWtBhClXIz',949890,15511,'Habib Bahar bin Smith kembali dijebloskan ke penjara. Ia diamankan kembali pada Selasa (19/5) dini hari di pesantrennya, Pondok Pesantren Tajul Alawin, Kampung Poktua, Desa Pabuaran, Kecamatan Kemang Kabupaten Bogor.\n-\nKadivpas Kemenkumham Jabar, Abdul Aris, membenarkan kabar tersebut. Ia mengatakan Habib Bahar ditahan kembali di Lapas Gunung Sindur karena melanggar ketentuan asimilasi.\n-\nSimak selengkapnya dengan klik link di bio, ﻿atau download aplikasi kumparan di App Store dan Google Play.⠀⁠\n-⁠⠀⁠\n#kumparanNEWS #habibbahar #kriminal #tahanan #asimilasi #bogor #trendingtopic #info #videoviral #videooftheday #beritaharcdiini #berita #beritaterkini #terbaru #indonesia #viral #news #like4like #instalike #repost #instadaily #instanews #instavideo #kumparan','2020-05-19 10:42:11',2,1,1,1,'2020-05-20 15:47:53','2020-05-21 06:18:04'),(154,'nevertooweird','https://instagram.com/p/CAXvKM1jIfN',1555756,34904,'I text back so fast because I care.','2020-05-19 20:20:07',5,0,0,0,'2020-05-20 15:47:59','2020-05-20 08:47:59'),(155,'nevertooweird','https://instagram.com/p/CAWcwiUJmat',1555756,29185,'As for the others, I need to mentally prepare myself. Please give me 2-3 business days.','2020-05-19 08:20:05',2,0,0,0,'2020-05-20 15:47:59','2020-05-20 08:47:59'),(156,'faktanyagoogle','https://instagram.com/p/CAXzvCvB92h',2365108,29511,'Seorang pencuri berusaha membawa kabur mobil Tesla Model 3 di California. Namun, apesnya ia tak bisa keluar dari mobil tersebut karena tak mengetahui caranya.\n.\nAlih-alih mencuri mobil tersebut, justru malah terperangkap dan pemilik mobil dapat menghubungi polisi. Ternyata, mobil canggih ini dapat dikontrol melalui aplikasi Tesla di smartphone pemilik mobil. Jadi, sang pemilik mobil langsung mematikan motor listrik mobil tersebut dan mengunci pintunya melaui smartphonenya dari jarak jauh. Wah keren banget ya~\n#faktanyagoogle','2020-05-19 21:00:04',5,0,0,0,'2020-05-20 15:48:01','2020-05-20 08:48:01'),(157,'faktanyagoogle','https://instagram.com/p/CAXiVYBB2mK',2365108,22045,'Kabarnya, Kemendikbud berencana membuka kembali sekolah pada Juli mendatang. Hal ini membuat pengamat pendidikan dari Universitas Yarsi, Fasli Jalal menyarankan seluruh siswa dan guru melakukan tes corona secara berkala jika sekolah dibuka kembali.\n.\nMenurut Fasli, hal ini penting dilakukan agar satuan pendidikan bisa mengetahui jika ada siswa atau guru yang terinfeksi virus corona selama kegiatan di sekolah. Mengingat, rentang usia siswa yang masih muda membuat mereka menjadi pembawa virus paling efektif.\n#faktanyagoogle','2020-05-19 18:28:01',5,0,0,0,'2020-05-20 15:48:01','2020-05-20 08:48:01'),(158,'faktanyagoogle','https://instagram.com/p/CAXbtPUBqgg',2365108,17652,'Seorang pasien positif corona sempat menggunjuni pasar kaget Bandung, Kecamatan Cibiru. Hal ini dikonfirmasi oleh Camat Cibiru, bahwa ada 8 orang di kecamatannya yang positif corona dan salah satunya pergi ke pasar kaget.\n.\nPasien positif corona ini mengakui ia pergi ke pasar kaget dan membeli buah-buahan. Kini, ia sedang menjalani isolasi mandiri dan pihak kecamatan masih terus mencari orang-orang yang sempat berhubungan dengan pasien tersebut.\n#faktanyagoogle','2020-05-19 17:30:06',4,0,0,0,'2020-05-20 15:48:01','2020-05-20 08:48:01'),(159,'faktanyagoogle','https://instagram.com/p/CAXDrOlhfPG',2365108,17569,'Dilansir dari cnnindonesia.com, Masjid Istiqlal, Jakarta Pusat memutuskan secara resmi tak menggelar Salat Idulfitri 1441 Hijriah secara berjamaah seperti tahun-tahun sebelumnya. Keputusan ini karena situasi saat ini masih pandemi virus corona (Covid-19).\n.\nKepala Hubungan Masyarakat dan Protokol Masjid Istiqlal, Abu Hurairah Abdul Salam menyatakan keputusan itu sudah diambil oleh Imam Besar Masjid Istiqlal, Nasaruddin Umar.\n.\n\"Iya bisa dipastikan Istiqlal tidak akan menggelar sholat Idulfitri,\" kata Abu kepada CNNIndonesia.com, Selasa (18/5).\n.\nLebih lanjut, Abu menyatakan Masjid terbesar di Asia Tenggara itu akan tutup dan tak beroperasi saat lebaran atau pada tanggal 1 Syawal 1441 Hijriah tiba.\n.\nAbu menjelaskan salah satu faktor Istiqlal tak menggelar Salat Idulfitri disebabkan penyebaran virus corona masih masif, khususnya di Provinsi DKI Jakarta.\n\"DKI masih zona merah,\" kata dia.\n#faktanyagoogle','2020-05-19 14:00:07',3,0,0,0,'2020-05-20 15:48:01','2020-05-20 08:48:01'),(160,'faktanyagoogle','https://instagram.com/p/CAWhYFqBzhH',2365108,36848,'Siapa nih yang udah kangen nonton bioskop? Hmm, saat pandemi corona membuat bioskop-bioskop tutup untuk sementara. Tapi, kini ada rencana unik untuk bisa menonton bioskop yaitu drive-in cinema atau bioskop teater mobil.\n.\nRencana drive-in cinema ini muncul dari perusahaan Ergo and Co. Namun, sampai saat ini timnya sedang mematangkan strategi untuk mengadakan drive-in cinema. Pihak perusahaan juga menyampaikan ingin mengadakan drive-in cinema ini di Bulan Juni, memungkin bisa berjalan jika PSBB ini sedikit lebih longgar.\n#faktanyagoogle','2020-05-19 09:00:25',2,0,0,0,'2020-05-20 15:48:03','2020-05-20 08:48:03'),(161,'kumparancom','https://instagram.com/p/CAc_xDtFjLU',951882,2858,'Kalau-kalau terlewat, berikut sederet informasi positif yang layak kamu ketahui.\n-\nSimak selengkapnya dengan klik link di bio, ﻿atau download aplikasi kumparan di App Store dan Google Play.\n-\n#kumparanNEWS #beritapositif #positivenews #socialdistancing #kuatbersama #thrkumparan #thr #corona #virus #viruscorona #covid #trendingtopic #info #videoviral #videooftheday #beritahariini #berita #beritaterkini #terbaru #indonesia #viral #news #like4like #instalike #repost #instadaily #instanews #instavideo #kumparan','2020-05-21 21:21:24',5,1,1,1,'2020-05-22 12:57:21','2020-05-22 21:11:22'),(162,'kumparancom','https://instagram.com/p/CAcywe-lPAi',951882,2012,'Konten ini merupakan hasil liputan partner resmi #1001MediaOnline kumparan, @tugujogja.id.\n-\nWiwit pandemi virus corona, jumlah keluhan kasus kekerasan marang wanita lan bocah-bocah ing Bantul cenderung mudhun. Angka kasebut dicatet wiwitan wulan Januari, ana 23 aduan utawa laporan keluhan.\n-\nSaiki ing pertengahan Mei, mung ana siji laporan. Kepala Bagian Tata Usaha Unit Pelakasana Teknis Daerah Perlindungan Perempuan dan Anak (UPTD PPA) Kabupaten Bantul Haryani mangsuli hal kasebut.\n•••\nMulai pandemi virus corona, jumlah kasus kekerasan pada wanita dan beberapa anak di Bantul cenderung turun. Angka tersebut tercatat mulai bulan Januari, ada 23 laporan atau keluhan.\n-\nSekarang di pertengahan Mei, hanya ada satu laporan. Kepala Bagian Tata Usaha Unit Pelaksana Teknis Daerah Perlindungan Perempuan dan Anak (UPTD PPA) Kabupaten Bantul Haryani telah konfirmasi hal tersebut.\n-\nTemukan update terkini seputar virus corona hanya di kumparan.com/corona atau klik link di bio.⁠\n-⁠\n#kumparanNEWS #kuatbersama #dirumahaja #pemerintah #pandemi #jogja #pasiencorona #viruscorona #covid19 #trendingtopic #info #videoviral #videooftheday #beritahariini #berita #beritaterkini #terbaru #indonesia #viral #news #like4like #instalike #repost #instadaily #instanews #instavideo #kumparan','2020-05-21 19:27:44',5,0,0,0,'2020-05-22 12:57:21','2020-05-22 05:57:22'),(163,'kumparancom','https://instagram.com/p/CAcZ0a-lp4Y',951882,7685,'Kasus virus corona di Indonesia terus mengalami peningkatan. Pemerintah mengumumkan penambahan 973 pasien positif virus corona, sehingga total pasien positif adalah 20.162 orang.\n-\nSelain itu, ada penambahan 36 pasien yang meninggal, sehingga total pasien positif virus corona yang meninggal mencapai 1.278 orang. Sementara itu, pasien yang sembuh bertambah sebanyak 263 orang, menjadi 4.838 pasien.\n-\nTemukan update terkini seputar virus corona hanya di kumparan.com/corona atau klik link di bio.⁠\n-⁠\n#kumparanNEWS #kuatbersama #dirumahaja #pasien #updatepasien #rumahsakit #positifcorona #viruscorona #covid19 #trendingtopic #info #videoviral #videooftheday #beritahariini #berita #beritaterkini #terbaru #indonesia #viral #news #like4like #instalike #repost #instadaily #instanews #instavideo #kumparan','2020-05-21 15:49:49',3,1,1,1,'2020-05-22 12:57:23','2020-05-22 21:10:56'),(164,'kumparancom','https://instagram.com/p/CAcQ7ttlBQ7',951882,5005,'Presiden @jokowi telah meluncurkan 55 produk konsorsium hasil riset dan inovasi anak bangsa pada Rabu (20/5). Produk-produk tersebut ditujukan untuk mempercepat penanganan COVID-19 di Indonesia.\n-\nIa pun berharap karya-karya tersebut tak berhenti di laboratorium saja. Riset-riset tersebut harus berlanjut hingga tahap produksi massal untuk memenuhi kebutuhan domestik, bahkan diekspor ke mancanegara.\n-\nTemukan update terkini seputar virus corona hanya di kumparan.com/corona atau klik link di bio.⁠\n-⁠\n#kumparanNEWS #kuatbersama #dirumahaja #pemerintah #jokowi #ventilator #pasiencorona #viruscorona #covid19 #trendingtopic #info #videoviral #videooftheday #beritahariini #berita #beritaterkini #terbaru #indonesia #viral #news #like4like #instalike #repost #instadaily #instanews #instavideo #kumparan','2020-05-21 14:32:10',3,1,1,1,'2020-05-22 12:57:23','2020-05-22 21:10:50'),(165,'kumparancom','https://instagram.com/p/CAcJ6pulDu6',951882,4926,'PT Dirgantara Indonesia dan Institut Teknologi Bandung (ITB) berkerja sama memproduksi ventilator bernama Ventilator Vent-I. Dua institusi ini mengklaim menyanggupi memproduksi 500 unit per minggu atau sekitar 2.000 per bulannya oleh PTDI, usai dilakukan uji klinis.\n-\nProduksi ventilator di dalam negeri tersebut diharapkan bisa mengurangi ketergantungan terhadap impor ventilator yang saat ini sangat dibutuhkan untuk menangani pasien terinfeksi virus corona. Berikut potretnya.\n-\nKredit foto: Antara\n-\nTemukan update terkini seputar virus corona hanya di kumparan.com/corona atau klik link di bio.⁠\n-⁠\n#kumparanNEWS #kuatbersama #dirumahaja #pemerintah #ventilator #pasiencorona #viruscorona #covid19 #trendingtopic #info #videoviral #videooftheday #beritahariini #berita #beritaterkini #terbaru #indonesia #viral #news #like4like #instalike #repost #instadaily #instanews #instavideo #kumparan','2020-05-21 13:30:51',3,1,1,1,'2020-05-22 12:57:24','2020-05-22 21:10:42'),(166,'kumparancom','https://instagram.com/p/CAcHn9yD3oj',951882,7367,'Warga Bandung dan sekitarnya dihebohkan dengan suara dentuman misterius pada Kamis (21/5) pagi. @bmkgbandung memastikan dentuman itu tak berasal dari gempa bumi.\n-\nSelain itu, Tony memastikan kondisi cuaca di Bandung dan sekitarnya sejak pagi cerah, berawan, dan tidak terjadi hujan disertai petir. Saat ini, pihaknya tengah menyelidiki sumber suara dentuman itu.\n-\nSimak selengkapnya dengan klik link di bio, ﻿atau download aplikasi kumparan di App Store dan Google Play.⠀⁠\n-⁠⠀⁠\n#kumparanNEWS #bandung #dentuman #bmkg #cuaca #sains #trendingtopic #info #videoviral #videooftheday #beritaharcdiini #berita #beritaterkini #terbaru #indonesia #viral #news #like4like #instalike #repost #instadaily #instanews #instavideo #kumparan','2020-05-21 13:11:01',3,1,1,1,'2020-05-22 12:57:24','2020-05-22 21:10:37'),(167,'kumparancom','https://instagram.com/p/CAcFsh4FckZ',951882,4189,'Sejumlah warga Bandung mengaku mendengar suara dentuman misterius di wilayah Kota Bandung hingga Kabupaten Bandung pada Kamis, 21 Mei 2020, sekitar pukul 09.30 WIB.\n-\nKepala @bmkgbandung, Tony Agus Wijaya, berkata kondisi cuaca Bandung sekitaran pagi tadi cerah. Maka dari itu, BMKG akan melakukan analisis selain dari faktor gempa, cuaca, dan petir, untuk mengungkap sumber suara dentuman tersebut.\n-\nKredit audio: Twitter rbarkah_.\n-\nSimak selengkapnya dengan klik link di bio, ﻿atau download aplikasi kumparan di App Store dan Google Play.⠀⁠\n-⁠⠀⁠\n#kumparanNEWS #bandung #dentuman #bmkg #cuaca #sains #trendingtopic #info #videoviral #videooftheday #beritaharcdiini #berita #beritaterkini #terbaru #indonesia #viral #news #like4like #instalike #repost #instadaily #instanews #instavideo #kumparan','2020-05-21 12:56:40',2,1,1,1,'2020-05-22 12:57:25','2020-05-22 21:10:33'),(168,'kumparancom','https://instagram.com/p/CAb71Y6lLh1',951882,3184,'Menteri Kesehatan Bolivia Marcelo Navajas ditangkap atas dugaan korupsi terkait pembelian ventilator dengan harga tinggi. Marcelo ditahan oleh kepolisian di La Paz, Bolivia.\n-\nSelain Marcelo, pihak kepolisian juga turut mengamankan dua pejabat kementerian kesehatan Bolivia lainnya.\n-\nTemukan update terkini seputar virus corona hanya di kumparan.com/corona atau klik link di bio.⁠\n-⁠\n#kumparanNEWS #kuatbersama #dirumahaja #korupsi #bolivia #pandemi #pasiencorona #viruscorona #covid19 #trendingtopic #info #videoviral #videooftheday #beritahariini #berita #beritaterkini #terbaru #indonesia #viral #news #like4like #instalike #repost #instadaily #instanews #instavideo #kumparan','2020-05-21 11:27:48',2,1,1,1,'2020-05-22 12:57:25','2020-05-22 21:10:28'),(169,'kumparancom','https://instagram.com/p/CAbt93zlzkf',951882,3727,'Pada Minggu (17/5) lalu, Mal CBD Ciledug Kota Tangerang ramai dipenuhi warga yang hendak membeli baju lebaran. Mereka seolah tak mempedulikan untuk tetap menjaga jarak atau di rumah saja saat PSBB.\n-\nInsiden padatnya warga berbelanja di Mal CBD Ciledug tersebut membuat Pemkot Tangerang mengambil langkah tegas. Pemkot Tangerang akhirnya menutup sementara operasional Mal CBD Ciledug pada Rabu (20/5).\n-\nTemukan update terkini seputar virus corona hanya di kumparan.com/corona atau klik link di bio.⁠\n-⁠\n#kumparanNEWS #kuatbersama #dirumahaja #pemerintah #mall #pandemi #pasiencorona #viruscorona #covid19 #trendingtopic #info #videoviral #videooftheday #beritahariini #berita #beritaterkini #terbaru #indonesia #viral #news #like4like #instalike #repost #instadaily #instanews #instavideo #kumparan','2020-05-21 09:26:38',2,1,1,1,'2020-05-22 12:57:26','2020-05-22 21:10:19'),(170,'kumparancom','https://instagram.com/p/CAbQbJkAB3y',951882,9697,'Tuhan yang datang dari Surga dan kembali ke Surga.\nMembawa misi kebaikan bagi umat-Nya.\nHai, para manusia di bumi.\nMari teruskan kebaikan untuk sesama.\n-\nSelamat memperingati kenaikan Yesus Kristus.\nSemoga Tuhan Yesus senantiasa memberkatimu','2020-05-21 05:08:40',1,1,1,1,'2020-05-22 12:57:26','2020-05-22 21:10:15'),(171,'nevertooweird','https://instagram.com/p/CAc4vv5Fetp',1556759,29093,'How?','2020-05-21 20:20:05',5,0,0,0,'2020-05-22 12:57:31','2020-05-22 05:57:32'),(172,'nevertooweird','https://instagram.com/p/CAbmWXAJ6VD',1556759,28000,'But I still don\'t listen.','2020-05-21 08:20:06',2,0,0,0,'2020-05-22 12:57:31','2020-05-22 05:57:32'),(173,'faktanyagoogle','https://instagram.com/p/CAcvqI9h2IQ',2364343,23303,'Kamu udah siap-siap bikin kue lebaran belum nih, guys? Hehe, momen Lebaran memang semakin terasa saat ada kue lebaran bikinan sendiri. Namun, beberapa warganet di Twitter justru membagikan postingannya yang gagal membuat kue lebaran.\n.\nKumpulan kue lebaran yang gagal ini, justru membuat warganet ngakak. Pasalnya, tampilan kue ini unik banget, mulai dari ulat gosong, nastar cap kaki, hingga kue pocong mumun. Hahaha ada-ada aja.. tapi tetap semangat untuk coba bikin kue lebaran lagi ya, guys. Belajar dari kesalahan! Hehe~\n#faktanyagoogle','2020-05-21 19:00:39',5,1,1,1,'2020-05-22 12:57:34','2020-05-22 21:10:09'),(174,'faktanyagoogle','https://instagram.com/p/CAclWaBhEMQ',2364343,22493,'Warga Montemorelos di Meksiko dibikin geger dengan turunnya hujan es yang bentuknya mirip dengan virus corona. Warga setempat pun memposting hujan es ini ke media sosial dan ramai jadi perbincangan warganet.\n.\nPartikel virus corona pada manusia biasanya digambarkan berbentuk bulat dan memiliki tonjolan-tonjolan mirip duri. Begitu juga dengan bentu hujan es ini, bentuknya bulan dan seperti berduri di bagian luarnya. Sebagian warga di Meksiko percaya hujan es batu yang mirip virus corona ini merupakan peringatan dari Tuhan. Mereka menganggap bahwa Tuhan mengirimkannya untuk mengingatkan agar tetap tinggal di rumah.\n#faktanyagoogle','2020-05-21 17:30:34',4,1,1,1,'2020-05-22 12:57:34','2020-05-22 21:10:04'),(175,'faktanyagoogle','https://instagram.com/p/CAcGc81h9ym',2364343,33704,'Belum lama, beberapa daerah terlihat mall-nya bejubel pembeli demi belanja jelang Lebaran. Suasana ramainya mall juga sempat viral di sosial media dan jadi perbincangan hangat warganet. Kabarnya, salah satu mall di Medan ternyata kasirnya positif corona. Hal ini membuat para pembeli dilanda ketakutan.\n.\nMall tempat kasir positif virus corona ini sempat ramai dikunjungi meski di tengah pandemi. Kini setelah adanya laporan satu orang kasir positif virus corona, seluruh karyawan mall diwajibkan melakukan rapid test.\n#faktanyagoogle','2020-05-21 13:00:35',3,1,1,1,'2020-05-22 12:57:34','2020-05-22 21:09:58'),(176,'faktanyagoogle','https://instagram.com/p/CAcCpgJB1wF',2364343,28087,'Dilansir dari antaranews.com, Ketua Gugus Tugas Percepatan Penanganan COVID-19 sekaligus Kepala Badan Nasional Penanggulangan Bencana (BNPB) Doni Monardo menyatakan masyarakat harus bersiap menghadapi tantangan hidup dengan COVID-19 karena sampai sekarang belum diketahui kapan pandemi akan berakhir.\n.\n\"Sejauh ini belum ada lembaga yang berani mengatakan kapan COVID-19 akan berakhir, termasuk juga belum ada kepastian kapan vaksin akan ditemukan sehingga sangat mungkin kita akan selamanya hidup dengan COVID-19,\" kata Doni di Jakarta, Senin, usai mengikuti rapat melalui telekonferensi video perihal penanganan pandemi.\n.\nDia mengatakan masyarakat harus bersiap hidup dengan kondisi yang baru, yang dia sebut sebagai \"normal baru\".\n.\n\"Upaya atau strategi menghadapi tantangan new normal (normal baru). Gugus Tugas sudah memberikan beberapa masukan, pertama tentang pentingnya prakondisi melalui survei, kajian riset, kemudian juga waktu yang tepat kapan harus dimulai (new normal) dilihat dari data lapangan. Bapak Presiden sudah perintahkan untuk mengkaji daerah mana yang boleh dibuka,\" kata Doni.\n#faktanyagoogle','2020-05-21 12:27:21',2,1,1,1,'2020-05-22 12:57:35','2020-05-22 21:09:48'),(177,'humasprovjatim','https://instagram.com/p/CAfmgNwAq8Q',26398,215,'Ekstensifikasi pelayanan masyarakat terus dilakukan oleh Pemprov Jawa Timur guna penanganan pasien Covid-19 yang terus meningkat.\n.\n Setelah sebelumnya dilakukan penambahan kapasaitas bed hingga ventilator di berbagai rumah sakit rujukan, kali ini, Gubernur Jatim, Khofifah Indar Parawansa, meninjau langsung kesiapan Rumah Sakit Darurat Covid-19 Jatim dan meminta agar bisa segera dioperasikan.\n.\nDengan total kapasitas saat ini mencapai 200 orang, dan bisa di maksimalkan sampai 500 orang ,  RS Lapangan Covid-19 Jatim yang didirikan di Gedung Pusat Penelitian dan Pengembangan Pelayanan Kesehatan Jl. Indrapura no. 17 Surabaya ini rencananya diperuntukkan bagi pasien konfirmasi positif baru yang terkategori ringan. .\n.\nGubernur Khofifah menyebut bahwa kapasitas tersebut akan terus dimaksimalkan hingga bisa mencapai 500 orang pasien.\n.\n\"Yang kita ingin bahwa yang di RS rujukan itu yang kondisi berat, yang ringan dan sedang seyogyanya kita siapkan di rumah sakit  lapangan seperti sekarang. Kalau total dengan ekstensifikasi kamar-kamar itu semua, bisa sampai 500 bed,\" ungkap Gubernur Khofifah seusai meninjau langsung pembangunan RS Lapangan Covid-19 Jatim pada Jum’at (22/5) siang.\n.\n.\n#khofifah\n#emil\n#arumi\n#jawatimur\n#nawabhaktisatya\n\n#gubernur\n#gubernurjatim\n#eastjava\n#wonderfuleastjava\n#cettar\n#jatimcettar\n#humas\n#humasjatim\n#provinsijawatimur\n#millenial\n#cegahcovid19\n#ayobersamalawancovid19\n#gotongroyonglawancovid19\n@khofifah.ip \n@emildardak','2020-05-22 21:38:22',5,0,0,0,'2020-05-23 11:06:32','2020-05-23 04:06:31'),(178,'humasprovjatim','https://instagram.com/p/CAeYEhtA-Dk',26398,187,'​Berbagai upaya dan dukungan terus dilakukan oleh Pemprov Jawa Timur untuk bisa memaksimalkan pelayanan penanganan Covid-19 di rumah sakit.\n.\n​Kali ini, Gubernur Jawa Timur, @khofifah.ip menyerahkan 40 Ventilator dan Continous Positive Airway Pressure (CPAP) kepada 20 Rumah Sakit Rujukan di Jawa Timur, di Gedung Negara Grahadi, Surabaya, Rabu (20/5) malam.\n.\n​Selain Ventilator, juga diserahkan bantuan Alat Pelindung Diri bagi para tenaga medis dan paramedis antara lain berupa hazmat, face shield, masker, gloves, dan disinfektan.\n​Ke 20 rumah sakit yang mendapat bantuan tersebut diantaranya yaitu, Rumkital dr. Ramelan Surabaya, RSUD Sidoarjo, RSUD dr. Iskak Tulungagung, RSUD Gambiran Kediri,  RSUD Dr. Soegiri Lamongan, dan RS Bhayangkara Surabaya.\n.\n​\"Dengan adanya bantuan tambahan ventilator ini, maka per hari ini total kapasitas ventilator isolasi di Jatim mencapai 162. Atau naik 6 kali lipat dari 20 Maret dengan jumlah awal sebanyak 26 ventilator,\" terang Gubernur Jatim yang akrab disapa Khofifah.\n.\n#khofifah\n#emil\n#arumi\n#jawa timur\n#nawabhaktisatya\n\n#gubernur\n#gubernurjatim\n#eastjava\n#wonderfuleastjava\n#cettar\n#jatimcettar\n#humas\n#humasjatim\n#provinsijawatimur\n#millenial\n#cegahcovid19\n#ayobersamalawancovid19\n#gotongroyonglawancovid19\n@khofifah.ip \n@emildardak','2020-05-22 10:13:01',2,0,0,0,'2020-05-23 11:06:32','2020-05-23 04:06:31'),(179,'humasprovjatim','https://instagram.com/p/CAeWwUQgXuY',26398,181,'Pemerintah Provinsi Jawa Timur membagikan  paket sembako  dan uang tunai 200 ribu  untuk tiga bulan secara door to door atau dari rumah ke rumah kepada warga Jatim di wilayah Jabodetabek.\n.\n​Cara ini ditempuh, guna menghindari kerumunan warga. Adapun paket sembako tersebut berisi beras, minyak goreng, mie instan, gula, masker, dan hand sanitizer. Penerima paket sembako tersebut merupakan warga Jatim yang tidak  mudik ke kampung halaman dan terdampak secara ekonomi akibat pandemi Covid-19.\n.\n​Selain Paket Sembako, Pemprov Jatim juga memberikan uang tunai sejumlah Rp200 ribu per kepala keluarga yang merupakan program jaring pengaman sosial. Uang tunai tersebut akan diberikan selama tiga bulan kedepan hingga Juli 2020.\n.\n​\"Bantuan berangkat langsung dari Surabaya, Senin (18/5) dan sampai di Jakarta Selasa (19/5), selanjutnya langsung dibagikan secara door to door oleh Badan Penghubung Daerah Provinsi Jatim di Jakarta,\" ungkap Gubernur Jawa Timur, @khofifah.ip .\n.\n#khofifah\n#emil\n#arumi\n#jawa timur\n#nawabhaktisatya\n\n#gubernur\n#gubernurjatim\n#eastjava\n#wonderfuleastjava\n#cettar\n#jatimcettar\n#humas\n#humasjatim\n#provinsijawatimur\n#millenial\n#cegahcovid19\n#ayobersamalawancovid19\n#gotongroyonglawancovid19\n@khofifah.ip \n@emildardak','2020-05-22 10:01:31',2,0,0,0,'2020-05-23 11:06:32','2020-05-23 04:06:32'),(180,'kumparancom','https://instagram.com/p/CAfg4zQFNaC',952724,5515,'Meski tak bisa salat bersama di masjid, namun kamu tetap bisa khusyuk beribadah salat id #dirumahaja. Cari tahu tata cara dan ketentuannya, yuk!\n-\nSimak selengkapnya dengan klik link di bio, ﻿atau download aplikasi kumparan di App Store dan Google Play.⠀⁠\n-⁠\n#kumparanNEWS #kuatbersama #dirumahaja #ibadah #pandemi #lebaran #viruscorona #covid19 #trendingtopic #info #videoviral #videooftheday #beritahariini #berita #beritaterkini #terbaru #indonesia #viral #news #like4like #instalike #repost #instadaily #instanews #instavideo #kumparan','2020-05-22 20:49:18',5,0,0,0,'2020-05-23 11:06:42','2020-05-23 04:06:42'),(181,'kumparancom','https://instagram.com/p/CAfdn5-F7VF',952724,5501,'Sidang isbat yang berlangsung hari ini, Jumat (22/5) menetapkan bahwa 1 Syawal 1441 H jatuh pada hari Minggu (24/5). Pemerintah mengimbau agar masyarakat menjalankan ibadah di rumah masing-masing untuk meminimalisir penularan virus corona.\n-\nSimak selengkapnya dengan klik link di bio, ﻿atau download aplikasi kumparan di App Store dan Google Play.⠀⁠\n-⁠⠀⁠\n#kumparanNEWS #lebaran #idulfitri #syawal #trendingtopic #info #videoviral #videooftheday #beritaharcdiini #berita #beritaterkini #terbaru #indonesia #viral #news #like4like #instalike #repost #instadaily #instanews #instavideo #kumparan','2020-05-22 20:20:47',5,0,0,0,'2020-05-23 11:06:42','2020-05-23 04:06:42'),(182,'kumparancom','https://instagram.com/p/CAfC-21FhET',952724,3268,'Juru bicara pemerintah untuk penanganan COVID-19, Achmad Yurianto, mengatakan pada Jumat ini masih terdapat penambahan 634 kasus positif. Sehingga total kasus positif corona menjadi 20.796 dari sebelumnya 20.162.\n-\nSementara itu, pasien yang meninggal juga masih bertambah sebanyak 48 orang. Sehingga total kasus meninggal sebanyak 1.326 pasien dari sebelumnya 1.278 orang. Kabar baiknya, terdapat tambahan 219 pasien yang sembuh. Sehingga total pasien yang sembuh sebanyak 5.057 dari sebelumnya 4.838 orang.\n-\nTemukan update terkini seputar virus corona hanya di kumparan.com/corona atau klik link di bio.⁠\n-⁠\n#kumparanNEWS #kuatbersama #dirumahaja #pemerintah #pandemi #pasiencorona #viruscorona #covid19 #trendingtopic #info #videoviral #videooftheday #beritahariini #berita #beritaterkini #terbaru #indonesia #viral #news #like4like #instalike #repost #instadaily #instanews #instavideo #kumparan','2020-05-22 16:27:59',4,0,0,0,'2020-05-23 11:06:45','2020-05-23 04:06:44'),(183,'kumparancom','https://instagram.com/p/CAfAXYellEl',952724,3087,'Menurut Psikolog Anak dan Keluarga Anna Surti Ariani, agar kondisi keluarga tetap harmonis di tengah pandemi, perlu ada privasi atau batasan yang harus disepakati dengan pasangan. Hal ini tentunya akan menciptakan rasa nyaman bagi kedua pihak.\n-\nSimak penjelasan selengkapnya dalam #VirtualTalk4 bersama Psikolog Anak dan Keluarga, @annasurtinina, dan Momfluencer, @reinitaarlin di kum.pr/virtualtalk4.\n-⁠\n#kumparanMOM #virtualtalk4 #virtualtalk #mom #pandemi #keluarga #tipskeluarga #trendingtopic #info #videoviral #videooftheday #beritaharcdiini #berita #beritaterkini #terbaru #indonesia #viral #news #like4like #instalike #repost #instadaily #instanews #instavideo #kumparan','2020-05-22 16:05:07',4,0,0,0,'2020-05-23 11:06:45','2020-05-23 04:06:44'),(184,'kumparancom','https://instagram.com/p/CAe6Uyoldn9',952724,4120,'Konten ini merupakan hasil liputan partner resmi #1001MediaOnline, @panturapostcom.\n-\nWong-wong sing pada blanja nang mal lan pasar tradisional Kota Tegal saiki bakal dipriksani petugas seka Dinas Kesehatan (Dinkes), Selasa (19/5). Langkah kiye eben virus corona ora nyebar nang nang ndi-ndi ora.\n•••\nPengunjung di pusat perbelanjaan Kota Tegal secara acak diminta menjalani rapit test oleh petugas dari Dinas Kesehatan (Dinkes) setempat, Selasa (19/5). Langkah ini dilakukan untuk mencegah penyebaran corona.\n-\nTemukan update terkini seputar virus corona hanya di kumparan.com/corona atau klik link di bio.⁠\n-⁠\n#kumparanNEWS #kuatbersama #dirumahaja #pemerintah #pandemi #mal #pasiencorona #viruscorona #covid19 #trendingtopic #info #videoviral #videooftheday #beritahariini #berita #beritaterkini #terbaru #indonesia #viral #news #like4like #instalike #repost #instadaily #instanews #instavideo #kumparan','2020-05-22 15:12:20',3,0,0,0,'2020-05-23 11:06:45','2020-05-23 04:06:45'),(185,'kumparancom','https://instagram.com/p/CAe11UUFKOn',952724,4210,'Kepala Suku Dinas Pertamanan dan Hutan Kota Jakarta Barat, Jauhar Arifin, mengatakan di Lebaran ini, ziarah kubur masih diizinkan. Namun, dengan menerapkan protokol kesehatan.\n-\nSelama ziarah kubur, warga harus memastikan adanya social distancing, dan diwajibkan menggunakan masker. Selain itu, jumlah peziarah pun akan dibatasi dan akan dipantau oleh petugas pamdal dan penjaga makam.\n-\nTemukan update terkini seputar virus corona hanya di kumparan.com/corona atau klik link di bio.⁠\n-⁠\n#kumparanNEWS #kuatbersama #dirumahaja #pemerintah #pandemi #ziarah #pasiencorona #viruscorona #covid19 #trendingtopic #info #videoviral #videooftheday #beritahariini #berita #beritaterkini #terbaru #indonesia #viral #news #like4like #instalike #repost #instadaily #instanews #instavideo #kumparan','2020-05-22 14:33:05',3,0,0,0,'2020-05-23 11:06:46','2020-05-23 04:06:46'),(186,'kumparancom','https://instagram.com/p/CAevAFxFuBh',952724,3597,'PT Fast Food Indonesia Tbk (FAST) sebagai pemegang lisensi gerai @kfc telah melakukan penutupan terhadap 115 gerai di seluruh Indonesia.\n-\nSelain itu, ada sebanyak 4.988 karyawan yang dirumahkan. Pihak manajemen mengakui ekonomi perusahaan terganggu akibat mewabahnya pandemi virus corona.\n-\nTemukan update terkini seputar virus corona hanya di kumparan.com/corona atau klik link di bio.⁠\n-⁠\n#kumparanBISNIS #kuatbersama #dirumahaja #pemerintah #kfc #pandemi #pasiencorona #viruscorona #covid19 #trendingtopic #info #videoviral #videooftheday #beritahariini #berita #beritaterkini #terbaru #indonesia #viral #news #like4like #instalike #repost #instadaily #instanews #instavideo #kumparan','2020-05-22 13:33:23',3,0,0,0,'2020-05-23 11:06:47','2020-05-23 04:06:46'),(187,'kumparancom','https://instagram.com/p/CAetX07Furs',952724,15185,'M Nuh, pemenang lelang motor listrik Gesits bertanda tangan Presiden @jokowi mendadak bingung karena ditagih uang sebesar Rp 2,5 M. Sebelumnya, Nuh memang mengaku telah mengikuti acara tersebut, namun, ia mengira acara itu adalah undian sepeda motor, bukan pelelangan.\n-\nKendati demikian, Kabid Humas Polda Jambi Kombes Pol Kuswahyudi Tresnadi mengatakan, Nuh tidak ditahan. Ia hanya diwawancara oleh pihak kepolisian, setelah itu Nuh dipersilakan pulang.\n-\nTemukan update terkini seputar virus corona hanya di kumparan.com/corona atau klik link di bio.⁠\n-⁠\n#kumparanNEWS #kuatbersama #dirumahaja #pasien #motorjokowi #lelang #positifcorona #viruscorona #covid19 #trendingtopic #info #videoviral #videooftheday #beritahariini #berita #beritaterkini #terbaru #indonesia #viral #news #like4like #instalike #repost #instadaily #instanews #instavideo #kumparan','2020-05-22 13:19:09',3,0,0,0,'2020-05-23 11:06:47','2020-05-23 04:06:46'),(188,'kumparancom','https://instagram.com/p/CAeoo0Ulj5U',952724,3531,'Sebelumnya, pemerintah telah melarang warga untuk mudik demi mencegah penyebaran wabah virus corona semakin meluas. Meski begitu, tak sedikit masyarakat yang tetap nekat mudik. Karenanya, pihak kepolisian pun bersiaga di titik pemeriksaan pemudik, salah satunya di ruas tol Cikopo-Palimanan.\n-\nSetiap kendaraan yang melintas di pintu Tol Cikopo-Palimanan satu persatu diperiksa petugas. Jika terindikasi hendak mudik, mereka akan langsung diminta putar balik ke titik awal perjalanan. Berikut potretnya.\n-\nKredit foto: ANTARA FOTO/Nova Wahyudi.\n-\nTemukan update terkini seputar virus corona hanya di kumparan.com/corona atau klik link di bio.⁠\n-⁠\n#kumparanNEWS #kuatbersama #dirumahaja #pasien #tolcipali #psbb #positifcorona #viruscorona #covid19 #trendingtopic #info #videoviral #videooftheday #beritahariini #berita #beritaterkini #terbaru #indonesia #viral #news #like4like #instalike #repost #instadaily #instanews #instavideo #kumparan','2020-05-22 12:37:47',2,0,0,0,'2020-05-23 11:06:47','2020-05-23 04:06:46'),(189,'kumparancom','https://instagram.com/p/CAec58Vnlda',952724,6192,'Pemkot Tegal berencana pada hari ini, Jumat (22/5), akan menutup PSBB Kota Tegal, Jawa Tengah.\n-\nPSBB yang digelar sejak 23 April akan ditutup dengan penyemprotan disinfektan dengan helikopter dan water canon, penyalaan sirene, dan kembang api di pusat kota. Hal ini dibenarkan oleh Sekretaris Daerah Tegal Johardi.\n-\nTemukan update terkini seputar virus corona hanya di kumparan.com/corona atau klik link di bio.⁠\n-⁠\n#kumparanNEWS #kuatbersama #dirumahaja #pasien #tegal #psbb #positifcorona #viruscorona #covid19 #trendingtopic #info #videoviral #videooftheday #beritahariini #berita #beritaterkini #terbaru #indonesia #viral #news #like4like #instalike #repost #instadaily #instanews #instavideo #kumparan','2020-05-22 11:00:22',2,0,0,0,'2020-05-23 11:06:47','2020-05-23 04:06:47'),(190,'nevertooweird','https://instagram.com/p/CAeLJFyj4BW',1557223,40542,'When did you hit that age?','2020-05-22 08:20:04',2,0,0,0,'2020-05-23 11:06:54','2020-05-23 04:06:54'),(191,'faktanyagoogle','https://instagram.com/p/CAfcc_PBeKO',2364038,28394,'Sujono, warga Desa Pojok Sari, Magetan, terpaksa menjual blender miliknya untuk membeli beras. Pria berusia 40 tahun ini sehari-hari bekerja sebagai penjual pentol, tapi karena Covid19 ia tak bisa berdagang selama 3 bulan.\n.\nVideo yang beredar sempat viral saat Sujono menawarkan blender miliknya pada pengendara yang melintas di jalan. Saat ada orang yang membantu, orang tersebut memberi uang Rp 100 ribu dan meminta Sujono menyimpan blendernya kembali.\n#faktanyagoogle','2020-05-22 20:10:33',5,0,0,0,'2020-05-23 11:06:57','2020-05-23 04:06:57'),(192,'faktanyagoogle','https://instagram.com/p/CAfGti6hXnJ',2364038,28478,'Larangan mudik Lebaran yang diberlakukan oleh pemerintah, nyatanya tak berjalan dengan mulus. Banyak sekali masyarakat yang nekat mudik dengan berbagai macam modusnya. Namun, jangan senang dulu. Pasalnya, pihak kepolisan serta Pemprov DKI telah memastikan bahwa pemudik yang sudah berada di kampung halaman akan sulit kembali ke Jakarta usai Lebaran.\n.\nDilansir dari kompas.com, Kabag Ops Korlantas Polri Kombes Benyamin mengatakan, akan ada proses penyekatan yang dilakukan saat arus balik atau usai Lebaran untuk menyaring pendatang yang akan masuk ke Jabodetabek.\n.\n\" Larangan mudik sudah menjadi kebijakan dari pemerintah, jadi saat arus mudik dan ketika arus balik kembali, kami tetap adakan penyekatan-penyekatan. Tujuannya agar mereka tidak bisa masuk ke Jakarta, buat yang sudah mudik, akan susah kembali ke Jakarta,\" ujar Benyamin saat berbincang dalam program Otolive bersama Kompas.com, Rabu (21/5/2020).\n#faktanyagoogle','2020-05-22 17:00:34',4,0,0,0,'2020-05-23 11:06:58','2020-05-23 04:06:57'),(193,'faktanyagoogle','https://instagram.com/p/CAeyHeihvKx',2364038,39229,'Wakil Presiden Ma\'ruf Amin menyampaikan permintaan maaf dan akui kesulitan menghadapi virus corona. Melansir laman cnnIndonesia, Ma\'ruf menyampaikan permintaan maaf karena corona belum hilang sampai saat ini. Wilayah Indonesia yang sangat luas dan besarnya jumlah penduduk disampaikan oleh Ma\'ruf menjadi kesulitan tersendiri untuk menghadapi wabah ini.\n.\nMa\'ruf mengimbau masyarakat untuk tetap menjaga kesehatan. Ia juga menyatakan dalam waktu dekat pemerintah akan menggulirkan kembali kegiatan perekonomian agar bisa kembali seperti semula.\n#faktanyagoogle','2020-05-22 14:00:37',3,0,0,0,'2020-05-23 11:06:58','2020-05-23 04:06:58');
/*!40000 ALTER TABLE `tbl_crawling` ENABLE KEYS */;
UNLOCK TABLES;

--
-- Table structure for table `tbl_engines`
--

DROP TABLE IF EXISTS `tbl_engines`;
/*!40101 SET @saved_cs_client     = @@character_set_client */;
/*!40101 SET character_set_client = utf8 */;
CREATE TABLE `tbl_engines` (
  `id_engine` int(11) NOT NULL AUTO_INCREMENT,
  `ig_username` varchar(50) NOT NULL,
  `ig_password` varchar(50) NOT NULL,
  `created` timestamp NOT NULL DEFAULT CURRENT_TIMESTAMP,
  `updated` timestamp NOT NULL DEFAULT CURRENT_TIMESTAMP ON UPDATE CURRENT_TIMESTAMP,
  PRIMARY KEY (`id_engine`)
) ENGINE=InnoDB AUTO_INCREMENT=3 DEFAULT CHARSET=utf8;
/*!40101 SET character_set_client = @saved_cs_client */;

--
-- Dumping data for table `tbl_engines`
--

LOCK TABLES `tbl_engines` WRITE;
/*!40000 ALTER TABLE `tbl_engines` DISABLE KEYS */;
INSERT INTO `tbl_engines` VALUES (1,'demitaevnuri','evnurisl4lu','2019-10-15 17:03:17','2019-12-04 20:22:19'),(2,'demitaevnuri','evnurisl4lu','2019-10-21 14:00:47','2019-12-04 20:17:12');
/*!40000 ALTER TABLE `tbl_engines` ENABLE KEYS */;
UNLOCK TABLES;

--
-- Table structure for table `tbl_extractions`
--

DROP TABLE IF EXISTS `tbl_extractions`;
/*!40101 SET @saved_cs_client     = @@character_set_client */;
/*!40101 SET character_set_client = utf8 */;
CREATE TABLE `tbl_extractions` (
  `id_extraction` int(11) NOT NULL AUTO_INCREMENT,
  `id_crawling` int(11) NOT NULL,
  `keyword` varchar(50) NOT NULL,
  `is_normalize` tinyint(1) NOT NULL DEFAULT '0',
  `created` timestamp NOT NULL DEFAULT CURRENT_TIMESTAMP,
  `updated` timestamp NULL DEFAULT NULL ON UPDATE CURRENT_TIMESTAMP,
  PRIMARY KEY (`id_extraction`)
) ENGINE=InnoDB AUTO_INCREMENT=168 DEFAULT CHARSET=utf8;
/*!40101 SET character_set_client = @saved_cs_client */;

--
-- Dumping data for table `tbl_extractions`
--

LOCK TABLES `tbl_extractions` WRITE;
/*!40000 ALTER TABLE `tbl_extractions` DISABLE KEYS */;
INSERT INTO `tbl_extractions` VALUES (1,131,'berhak',0,'2019-11-29 20:19:48',NULL),(2,131,'balas',0,'2019-11-29 20:19:48',NULL),(3,131,'chat',0,'2019-11-29 20:19:48',NULL),(4,130,'instant',0,'2019-11-29 20:22:28',NULL),(5,130,'pot',0,'2019-11-29 20:22:28',NULL),(6,130,'kuliner',0,'2019-11-29 20:22:28',NULL),(7,130,'alat',0,'2019-11-29 20:22:28',NULL),(8,130,'masak',0,'2019-11-29 20:22:28',NULL),(9,130,'berbagai',0,'2019-11-29 20:22:28',NULL),(10,130,'variasi',0,'2019-11-29 20:22:28',NULL),(11,130,'panci',0,'2019-11-29 20:22:28',NULL),(12,130,'presto',0,'2019-11-29 20:22:28',NULL),(13,130,'slow',0,'2019-11-29 20:22:28',NULL),(14,130,'cooker',0,'2019-11-29 20:22:28',NULL),(15,130,'magic',0,'2019-11-29 20:22:28',NULL),(16,130,'jar',0,'2019-11-29 20:22:28',NULL),(17,130,'menanak',0,'2019-11-29 20:22:28',NULL),(18,130,'nasi',0,'2019-11-29 20:22:28',NULL),(19,130,'fermentasi',0,'2019-11-29 20:22:28',NULL),(20,130,'anggur',0,'2019-11-29 20:22:28',NULL),(21,130,'merah',0,'2019-11-29 20:22:28',NULL),(22,145,'wakefit',0,'2019-12-04 20:44:24',NULL),(23,144,'ayam',0,'2019-12-04 20:44:57',NULL),(24,144,'peternak',0,'2019-12-04 20:44:57',NULL),(25,144,'lokal',0,'2019-12-04 20:44:57',NULL),(26,143,'ledakan',0,'2019-12-04 20:51:50',NULL),(27,143,'monas',0,'2019-12-04 20:51:50',NULL),(28,143,'jakarta',0,'2019-12-04 20:51:50',NULL),(29,142,'ledakan',0,'2019-12-04 20:52:32',NULL),(30,142,'monas',0,'2019-12-04 20:52:32',NULL),(31,142,'jokowi',0,'2019-12-04 20:52:32',NULL),(32,141,'kemenkeu',0,'2019-12-04 20:53:28',NULL),(33,141,'selundupan',0,'2019-12-04 20:53:28',NULL),(34,141,'airbus',0,'2019-12-04 20:53:28',NULL),(35,141,'garuda',0,'2019-12-04 20:53:28',NULL),(36,141,'indonesia',0,'2019-12-04 20:53:28',NULL),(37,141,'harley',0,'2019-12-04 20:53:28',NULL),(38,141,'davidson',0,'2019-12-04 20:53:28',NULL),(39,140,'angkat',0,'2019-12-04 20:54:44',NULL),(40,140,'besi',0,'2019-12-04 20:54:44',NULL),(41,140,'menyumbangkan',0,'2019-12-04 20:54:44',NULL),(42,140,'sea',0,'2019-12-04 20:54:44',NULL),(43,140,'games',0,'2019-12-04 20:54:44',NULL),(44,140,'2019',0,'2019-12-04 20:54:44',NULL),(45,140,'deni',0,'2019-12-04 20:54:44',NULL),(46,139,'samina',0,'2019-12-04 20:56:04',NULL),(47,139,'mengemis',0,'2019-12-04 20:56:04',NULL),(48,138,'@jokowi',0,'2019-12-04 20:57:05',NULL),(49,138,'bobby',0,'2019-12-04 20:57:05',NULL),(50,138,'afif',0,'2019-12-04 20:57:05',NULL),(51,138,'nasution',0,'2019-12-04 20:57:05',NULL),(52,138,'pemilihan',0,'2019-12-04 20:57:05',NULL),(53,138,'wali',0,'2019-12-04 20:57:05',NULL),(54,138,'kota',0,'2019-12-04 20:57:05',NULL),(55,138,'medan',0,'2019-12-04 20:57:05',NULL),(56,137,'pembangunan',0,'2019-12-04 20:58:05',NULL),(57,137,'jalan',0,'2019-12-04 20:58:05',NULL),(58,137,'tanjung',0,'2019-12-04 20:58:05',NULL),(59,137,'selor',0,'2019-12-04 20:58:05',NULL),(60,137,'tanah',0,'2019-12-04 20:58:05',NULL),(61,137,'kuning',0,'2019-12-04 20:58:05',NULL),(62,136,'pembangunan',0,'2019-12-04 20:58:48',NULL),(63,136,'jalan',0,'2019-12-04 20:58:48',NULL),(64,136,'tol',0,'2019-12-04 20:58:48',NULL),(65,136,'trans',0,'2019-12-04 20:58:48',NULL),(66,136,'sumatra',0,'2019-12-04 20:58:48',NULL),(67,135,'disabilitas',0,'2019-12-04 20:59:26',NULL),(68,135,'selamat',0,'2019-12-04 20:59:26',NULL),(69,135,'hari',0,'2019-12-04 20:59:26',NULL),(70,135,'disabilitas',0,'2019-12-04 20:59:26',NULL),(71,135,'internasional',0,'2019-12-04 20:59:26',NULL),(72,134,'pelabuhan',0,'2019-12-04 21:00:11',NULL),(73,134,'patimban',0,'2019-12-04 21:00:11',NULL),(74,133,'hut',0,'2019-12-04 21:00:44',NULL),(75,133,'korpri',0,'2019-12-04 21:00:44',NULL),(76,133,'ke',0,'2019-12-04 21:00:44',NULL),(77,133,'48',0,'2019-12-04 21:00:44',NULL),(78,133,'@khofifahip',0,'2019-12-04 21:00:44',NULL),(79,133,'joko',0,'2019-12-04 21:00:44',NULL),(80,133,'widodo',0,'2019-12-04 21:00:44',NULL),(81,132,'@ganjar_pranowo',0,'2019-12-04 21:01:57',NULL),(82,132,'@mastercorbuzier',0,'2019-12-04 21:01:57',NULL),(83,129,'penyanyi',0,'2020-01-16 20:23:17',NULL),(84,129,'33',0,'2020-01-16 20:23:17',NULL),(85,129,'tahun',0,'2020-01-16 20:23:17',NULL),(86,129,'berdarah',0,'2020-01-16 20:23:17',NULL),(87,129,'indonesia',0,'2020-01-16 20:23:17',NULL),(88,153,'habib',0,'2020-05-21 06:15:28',NULL),(89,153,'bahar',0,'2020-05-21 06:15:28',NULL),(90,153,'pondok',0,'2020-05-21 06:15:28',NULL),(91,153,'pesantren',0,'2020-05-21 06:15:28',NULL),(92,153,'tajul',0,'2020-05-21 06:15:28',NULL),(93,153,'alawin',0,'2020-05-21 06:15:28',NULL),(94,153,'poktua',0,'2020-05-21 06:15:28',NULL),(95,153,'pabuaran',0,'2020-05-21 06:15:28',NULL),(96,153,'bogor',0,'2020-05-21 06:15:28',NULL),(97,153,'abdul',0,'2020-05-21 06:15:28',NULL),(98,153,'aris',0,'2020-05-21 06:15:28',NULL),(99,153,'asimilasi',0,'2020-05-21 06:15:28',NULL),(100,152,'kemacetan',0,'2020-05-21 06:20:15',NULL),(101,152,'mt',0,'2020-05-21 06:20:15',NULL),(102,152,'haryono',0,'2020-05-21 06:20:15',NULL),(103,152,'pancoran',0,'2020-05-21 06:20:15',NULL),(104,152,'jakarta',0,'2020-05-21 06:20:15',NULL),(105,152,'psbb',0,'2020-05-21 06:20:15',NULL),(106,152,'corona',0,'2020-05-21 06:20:15',NULL),(107,152,'melanggar',0,'2020-05-21 06:20:15',NULL),(108,152,'aturan',0,'2020-05-21 06:20:15',NULL),(109,152,'#dirumahaja',0,'2020-05-21 06:20:15',NULL),(110,146,'khofifah',0,'2020-05-21 06:24:54',NULL),(111,146,'indar',0,'2020-05-21 06:24:54',NULL),(112,146,'parawansa',0,'2020-05-21 06:24:54',NULL),(113,146,'perawat',0,'2020-05-21 06:24:54',NULL),(114,146,'(pdp)',0,'2020-05-21 06:24:54',NULL),(115,146,'ari',0,'2020-05-21 06:24:54',NULL),(116,146,'puspitasari',0,'2020-05-21 06:24:54',NULL),(117,146,'rs',0,'2020-05-21 06:24:54',NULL),(118,146,'royal',0,'2020-05-21 06:24:54',NULL),(119,146,'surabaya',0,'2020-05-21 06:24:54',NULL),(120,146,'pahlawan',0,'2020-05-21 06:24:54',NULL),(121,146,'medis',0,'2020-05-21 06:24:54',NULL),(122,146,'#cegahcovid19',0,'2020-05-21 06:24:54',NULL),(123,161,'informasi',0,'2020-05-22 20:58:41',NULL),(124,161,'positif',0,'2020-05-22 20:58:41',NULL),(125,161,'-',0,'2020-05-22 20:58:41',NULL),(126,176,'hidup',0,'2020-05-22 20:59:20',NULL),(127,176,'dengan',0,'2020-05-22 20:59:20',NULL),(128,176,'covid-19',0,'2020-05-22 20:59:20',NULL),(129,175,'pembeli',0,'2020-05-22 20:59:52',NULL),(130,175,'ramainya',0,'2020-05-22 20:59:52',NULL),(131,175,'mall',0,'2020-05-22 20:59:52',NULL),(132,174,'hujan',0,'2020-05-22 21:00:23',NULL),(133,174,'es',0,'2020-05-22 21:00:23',NULL),(134,174,'mirip',0,'2020-05-22 21:00:23',NULL),(135,174,'virus',0,'2020-05-22 21:00:23',NULL),(136,174,'corona',0,'2020-05-22 21:00:23',NULL),(137,173,'kue',0,'2020-05-22 21:00:52',NULL),(138,173,'lebaran',0,'2020-05-22 21:00:52',NULL),(139,173,'gagal',0,'2020-05-22 21:00:52',NULL),(140,170,'kenaikan',0,'2020-05-22 21:02:31',NULL),(141,170,'yesus',0,'2020-05-22 21:02:31',NULL),(142,170,'kristus',0,'2020-05-22 21:02:31',NULL),(143,169,'mal',0,'2020-05-22 21:02:45',NULL),(144,169,'cbd',0,'2020-05-22 21:02:45',NULL),(145,169,'dipenuhi',0,'2020-05-22 21:02:45',NULL),(146,169,'membeli',0,'2020-05-22 21:02:45',NULL),(147,168,'menteri',0,'2020-05-22 21:03:16',NULL),(148,168,'kesehatan',0,'2020-05-22 21:03:16',NULL),(149,168,'bolivia',0,'2020-05-22 21:03:16',NULL),(150,168,'ditangkap',0,'2020-05-22 21:03:16',NULL),(151,168,'atas',0,'2020-05-22 21:03:16',NULL),(152,168,'dugaan',0,'2020-05-22 21:03:16',NULL),(153,168,'korupsi',0,'2020-05-22 21:03:16',NULL),(154,167,'suara',0,'2020-05-22 21:03:27',NULL),(155,167,'dentuman',0,'2020-05-22 21:03:27',NULL),(156,167,'misterius',0,'2020-05-22 21:03:27',NULL),(157,166,'suara',0,'2020-05-22 21:03:43',NULL),(158,166,'dentuman',0,'2020-05-22 21:03:43',NULL),(159,166,'misterius',0,'2020-05-22 21:03:43',NULL),(160,165,'memproduksi',0,'2020-05-22 21:03:56',NULL),(161,165,'ventilator',0,'2020-05-22 21:03:56',NULL),(162,164,'produk',0,'2020-05-22 21:04:11',NULL),(163,164,'penanganan',0,'2020-05-22 21:04:11',NULL),(164,164,'covid-19',0,'2020-05-22 21:04:11',NULL),(165,163,'pasien',0,'2020-05-22 21:04:21',NULL),(166,163,'positif',0,'2020-05-22 21:04:21',NULL),(167,163,'corona',0,'2020-05-22 21:04:21',NULL);
/*!40000 ALTER TABLE `tbl_extractions` ENABLE KEYS */;
UNLOCK TABLES;

--
-- Table structure for table `tbl_keyword_result`
--

DROP TABLE IF EXISTS `tbl_keyword_result`;
/*!40101 SET @saved_cs_client     = @@character_set_client */;
/*!40101 SET character_set_client = utf8 */;
CREATE TABLE `tbl_keyword_result` (
  `id` int(11) unsigned NOT NULL AUTO_INCREMENT,
  `id_user` int(11) unsigned DEFAULT NULL COMMENT 'id user login',
  `id_target` int(11) unsigned DEFAULT NULL COMMENT 'id target of user login',
  `ig_username` varchar(50) DEFAULT NULL COMMENT 'ig username target',
  `id_crawling` int(11) unsigned DEFAULT NULL,
  `url` text COMMENT 'page or media',
  `taken_at` datetime DEFAULT NULL COMMENT 'ig page taken',
  `dow` tinyint(1) DEFAULT NULL COMMENT 'day of week',
  `normal_text` varchar(50) DEFAULT NULL COMMENT 'normalization keyword',
  `created` timestamp NULL DEFAULT CURRENT_TIMESTAMP,
  PRIMARY KEY (`id`)
) ENGINE=InnoDB DEFAULT CHARSET=latin1;
/*!40101 SET character_set_client = @saved_cs_client */;

--
-- Dumping data for table `tbl_keyword_result`
--

LOCK TABLES `tbl_keyword_result` WRITE;
/*!40000 ALTER TABLE `tbl_keyword_result` DISABLE KEYS */;
/*!40000 ALTER TABLE `tbl_keyword_result` ENABLE KEYS */;
UNLOCK TABLES;

--
-- Table structure for table `tbl_labels`
--

DROP TABLE IF EXISTS `tbl_labels`;
/*!40101 SET @saved_cs_client     = @@character_set_client */;
/*!40101 SET character_set_client = utf8 */;
CREATE TABLE `tbl_labels` (
  `id_label` int(11) NOT NULL AUTO_INCREMENT,
  `label_name` varchar(50) NOT NULL,
  `label_desc` varchar(255) NOT NULL,
  `created` timestamp NOT NULL DEFAULT CURRENT_TIMESTAMP,
  `updated` timestamp NULL DEFAULT NULL ON UPDATE CURRENT_TIMESTAMP,
  PRIMARY KEY (`id_label`)
) ENGINE=InnoDB AUTO_INCREMENT=7 DEFAULT CHARSET=utf8;
/*!40101 SET character_set_client = @saved_cs_client */;

--
-- Dumping data for table `tbl_labels`
--

LOCK TABLES `tbl_labels` WRITE;
/*!40000 ALTER TABLE `tbl_labels` DISABLE KEYS */;
INSERT INTO `tbl_labels` VALUES (1,'Nilai Sosial','memiliki nilai di sosial masyarakat, orang berbagi karena merasa akan terlihat bagus','2019-10-29 17:16:39',NULL),(2,'Penghubung','menghubungkan pada hal lain, tip of mind, tip of tounge','2019-10-29 17:16:39',NULL),(3,'Sisi Emosional','ya udah sisi emosional aja','2019-10-29 17:16:39',NULL),(4,'Publik','orang atau orang orang yang mempengaruhi orang lain','2019-10-29 17:16:39',NULL),(5,'Tips','This is for Tips','2019-10-29 17:16:39',NULL),(6,'Cerita','This is For Story','2019-10-29 17:16:39',NULL);
/*!40000 ALTER TABLE `tbl_labels` ENABLE KEYS */;
UNLOCK TABLES;

--
-- Table structure for table `tbl_normalizations`
--

DROP TABLE IF EXISTS `tbl_normalizations`;
/*!40101 SET @saved_cs_client     = @@character_set_client */;
/*!40101 SET character_set_client = utf8 */;
CREATE TABLE `tbl_normalizations` (
  `id_normalization` int(11) NOT NULL AUTO_INCREMENT,
  `id_crawling` int(11) NOT NULL,
  `id_extraction` int(11) NOT NULL,
  `normal_text` varchar(50) NOT NULL,
  `created` timestamp NOT NULL DEFAULT CURRENT_TIMESTAMP,
  PRIMARY KEY (`id_normalization`),
  KEY `id_crawling` (`id_crawling`)
) ENGINE=InnoDB AUTO_INCREMENT=86 DEFAULT CHARSET=utf8;
/*!40101 SET character_set_client = @saved_cs_client */;

--
-- Dumping data for table `tbl_normalizations`
--

LOCK TABLES `tbl_normalizations` WRITE;
/*!40000 ALTER TABLE `tbl_normalizations` DISABLE KEYS */;
INSERT INTO `tbl_normalizations` VALUES (1,131,1,'hak','2019-11-29 20:20:06'),(2,131,2,'balas chat','2019-11-29 20:20:06'),(3,130,4,'instant pot','2019-11-29 20:23:23'),(4,130,6,'kuliner','2019-11-29 20:23:23'),(5,130,7,'alat masak','2019-11-29 20:23:23'),(6,130,11,'panci presto','2019-11-29 20:23:23'),(7,130,13,'slow cooker','2019-11-29 20:23:23'),(8,130,15,'magic jar','2019-11-29 20:23:23'),(9,130,17,'menanak nasi','2019-11-29 20:23:23'),(10,130,19,'fermentasi anggur','2019-11-29 20:23:23'),(11,145,22,'wakefit','2019-12-04 20:44:31'),(12,144,23,'ayam','2019-12-04 20:45:05'),(13,144,24,'peternak lokal','2019-12-04 20:45:05'),(14,143,26,'ledakan','2019-12-04 20:51:54'),(15,143,27,'monas','2019-12-04 20:51:54'),(16,143,28,'jakarta','2019-12-04 20:51:54'),(17,142,29,'ledakan','2019-12-04 20:52:37'),(18,142,30,'monas','2019-12-04 20:52:37'),(19,142,31,'jokowi','2019-12-04 20:52:37'),(20,141,32,'kemenkeu','2019-12-04 20:53:43'),(21,141,33,'selundupan','2019-12-04 20:53:43'),(22,141,34,'airbus','2019-12-04 20:53:43'),(23,141,35,'garuda indonesia','2019-12-04 20:53:43'),(24,141,37,'harley davidson','2019-12-04 20:53:43'),(25,140,39,'angkat besi','2019-12-04 20:55:10'),(26,140,42,'sea games 2019','2019-12-04 20:55:10'),(27,140,45,'deni','2019-12-04 20:55:10'),(28,139,46,'samina','2019-12-04 20:56:13'),(29,139,47,'mengemis','2019-12-04 20:56:13'),(30,138,48,'jokowi','2019-12-04 20:57:32'),(31,138,49,'bobby afif nasution','2019-12-04 20:57:32'),(32,138,52,'pemilihan wali kota medan','2019-12-04 20:57:32'),(33,137,56,'pembangunan jalan','2019-12-04 20:58:16'),(34,137,58,'tanjung selor','2019-12-04 20:58:16'),(35,137,60,'tanah kuning','2019-12-04 20:58:16'),(36,136,62,'pembangunan jalan tol','2019-12-04 20:59:03'),(37,136,65,'trans sumatra','2019-12-04 20:59:03'),(38,135,67,'disabilitas','2019-12-04 20:59:40'),(39,135,68,'selamat hari disabilitas internasional','2019-12-04 20:59:40'),(40,134,72,'pelabuhan patimban','2019-12-04 21:00:17'),(41,133,74,'hut korpri ke 48','2019-12-04 21:01:28'),(42,133,78,'Khofifah Indar Parawansa','2019-12-04 21:01:28'),(43,133,79,'joko widodo','2019-12-04 21:01:28'),(44,132,81,'ganjar pranowo','2019-12-04 21:02:13'),(45,132,82,'deddy corbuzier','2019-12-04 21:02:13'),(46,129,85,'Agnesmo','2020-01-16 20:24:00'),(47,129,86,'darah indonesia','2020-01-16 20:24:00'),(48,153,88,'habib bahar','2020-05-21 06:16:28'),(49,153,90,'pondok pesantren','2020-05-21 06:16:28'),(50,153,92,'tajul alawin','2020-05-21 06:16:28'),(51,153,94,'poktua','2020-05-21 06:16:28'),(52,153,95,'pabuaran','2020-05-21 06:16:28'),(53,153,96,'bogor','2020-05-21 06:16:28'),(54,153,97,'abdul aris','2020-05-21 06:16:28'),(55,153,99,'asimilasi','2020-05-21 06:16:28'),(56,152,100,'kemacetan','2020-05-21 06:20:47'),(57,152,101,'mt haryono','2020-05-21 06:20:47'),(58,152,103,'pancoran','2020-05-21 06:20:47'),(59,152,104,'jakarta','2020-05-21 06:20:47'),(60,152,105,'psbb','2020-05-21 06:20:47'),(61,152,106,'corona','2020-05-21 06:20:47'),(62,152,107,'melanggar aturan','2020-05-21 06:20:47'),(63,152,109,'#dirumahaja','2020-05-21 06:20:47'),(64,146,110,'khofifah indar parawansa','2020-05-21 06:25:45'),(65,146,113,'perawat','2020-05-21 06:25:45'),(66,146,114,'pdp','2020-05-21 06:25:45'),(67,146,115,'ari puspitasari','2020-05-21 06:25:45'),(68,146,117,'rs royal','2020-05-21 06:25:45'),(69,146,119,'surabaya','2020-05-21 06:25:45'),(70,146,120,'pahlawan medis','2020-05-21 06:25:45'),(71,146,122,'corona','2020-05-21 06:25:45'),(72,176,126,'hidup berdampingan dengan covid19','2020-05-22 21:05:32'),(73,175,131,'mall ramai pembeli','2020-05-22 21:05:49'),(74,174,132,'hujan es mirip virus corona','2020-05-22 21:06:24'),(75,173,137,'kue lebaran gagal','2020-05-22 21:06:37'),(76,170,140,'peringatan kenaikan yesus kristus','2020-05-22 21:07:06'),(77,169,143,'mal cbd dipenuhi pembeli','2020-05-22 21:07:28'),(78,168,147,'menteri kesehatan bolivia','2020-05-22 21:08:01'),(79,168,150,'ditangkap atas dugaan korupsi','2020-05-22 21:08:01'),(80,167,154,'suara dentuman misterius','2020-05-22 21:08:16'),(81,166,157,'suara dentuman misterius','2020-05-22 21:08:27'),(82,165,160,'produksi  ventilator','2020-05-22 21:08:44'),(83,164,162,'produk anti corona','2020-05-22 21:08:59'),(84,163,165,'jumlah pasien positif corona','2020-05-22 21:09:25'),(85,161,123,'berita positif seputar corona','2020-05-22 21:11:18');
/*!40000 ALTER TABLE `tbl_normalizations` ENABLE KEYS */;
UNLOCK TABLES;

--
-- Table structure for table `tbl_results`
--

DROP TABLE IF EXISTS `tbl_results`;
/*!40101 SET @saved_cs_client     = @@character_set_client */;
/*!40101 SET character_set_client = utf8 */;
CREATE TABLE `tbl_results` (
  `id_user` int(11) NOT NULL,
  `day_count` int(3) NOT NULL,
  `category` varchar(20) NOT NULL,
  `normal_text` varchar(50) NOT NULL,
  `modus` int(3) NOT NULL,
  `total_px` int(3) NOT NULL,
  `p_value` float NOT NULL,
  `created` timestamp NOT NULL DEFAULT CURRENT_TIMESTAMP,
  `updated` timestamp NULL DEFAULT NULL ON UPDATE CURRENT_TIMESTAMP,
  PRIMARY KEY (`id_user`,`day_count`,`category`,`normal_text`),
  KEY `p_value` (`p_value`)
) ENGINE=InnoDB DEFAULT CHARSET=utf8;
/*!40101 SET character_set_client = @saved_cs_client */;

--
-- Dumping data for table `tbl_results`
--

LOCK TABLES `tbl_results` WRITE;
/*!40000 ALTER TABLE `tbl_results` DISABLE KEYS */;
/*!40000 ALTER TABLE `tbl_results` ENABLE KEYS */;
UNLOCK TABLES;

--
-- Table structure for table `tbl_scrap_targets`
--

DROP TABLE IF EXISTS `tbl_scrap_targets`;
/*!40101 SET @saved_cs_client     = @@character_set_client */;
/*!40101 SET character_set_client = utf8 */;
CREATE TABLE `tbl_scrap_targets` (
  `id_scrap_target` int(11) NOT NULL AUTO_INCREMENT,
  `ig_username` varchar(50) NOT NULL,
  `id_admin` int(11) NOT NULL,
  `id_engine` int(11) NOT NULL,
  `created` timestamp NOT NULL DEFAULT CURRENT_TIMESTAMP,
  `updated` timestamp NOT NULL DEFAULT CURRENT_TIMESTAMP ON UPDATE CURRENT_TIMESTAMP,
  PRIMARY KEY (`id_scrap_target`)
) ENGINE=InnoDB AUTO_INCREMENT=11 DEFAULT CHARSET=utf8;
/*!40101 SET character_set_client = @saved_cs_client */;

--
-- Dumping data for table `tbl_scrap_targets`
--

LOCK TABLES `tbl_scrap_targets` WRITE;
/*!40000 ALTER TABLE `tbl_scrap_targets` DISABLE KEYS */;
INSERT INTO `tbl_scrap_targets` VALUES (2,'humas.jateng',5,1,'2019-11-21 22:53:05','2019-12-10 18:37:21'),(3,'humasprovjatim',2,1,'2019-11-21 22:49:01','2019-12-10 18:37:25'),(4,'humas_jabar',2,1,'2019-11-21 22:53:05','2019-12-06 03:40:45'),(6,'kaltaraprov',2,1,'2019-11-21 22:53:05','2019-12-06 03:40:45'),(7,'kumparancom',2,1,'2019-11-21 22:53:05','2019-12-06 03:40:45'),(9,'viceind',2,1,'2019-11-21 22:53:25','2019-12-10 18:37:31'),(10,'humasbdg',2,1,'2020-05-18 04:51:08','2020-05-18 04:51:08');
/*!40000 ALTER TABLE `tbl_scrap_targets` ENABLE KEYS */;
UNLOCK TABLES;

--
-- Table structure for table `tbl_scraping`
--

DROP TABLE IF EXISTS `tbl_scraping`;
/*!40101 SET @saved_cs_client     = @@character_set_client */;
/*!40101 SET character_set_client = utf8 */;
CREATE TABLE `tbl_scraping` (
  `id` int(11) NOT NULL AUTO_INCREMENT,
  `ig_username` varchar(100) NOT NULL,
  `url` text NOT NULL,
  `follower_count` int(11) NOT NULL,
  `like_count` int(11) NOT NULL,
  `comment_count` int(11) NOT NULL,
  `response_count` int(11) NOT NULL,
  `taken_at` datetime NOT NULL,
  `completed` tinyint(1) DEFAULT NULL,
  `created` timestamp NOT NULL DEFAULT CURRENT_TIMESTAMP,
  `updated` timestamp NULL DEFAULT NULL ON UPDATE CURRENT_TIMESTAMP,
  PRIMARY KEY (`id`)
) ENGINE=InnoDB AUTO_INCREMENT=573 DEFAULT CHARSET=latin1;
/*!40101 SET character_set_client = @saved_cs_client */;

--
-- Dumping data for table `tbl_scraping`
--

LOCK TABLES `tbl_scraping` WRITE;
/*!40000 ALTER TABLE `tbl_scraping` DISABLE KEYS */;
INSERT INTO `tbl_scraping` VALUES (1,'humas.jateng','https://instagram.com/p/B54CigSFHnY',11584,314,0,0,'2019-12-10 09:45:22',NULL,'2019-12-11 01:39:17',NULL),(2,'humas.jateng','https://instagram.com/p/B5z3CQmFIBX',11584,102,1,0,'2019-12-08 18:49:24',NULL,'2019-12-11 01:39:34',NULL),(3,'humas.jateng','https://instagram.com/p/B5ucXjAlEFo',11584,263,3,1,'2019-12-06 16:18:39',NULL,'2019-12-11 01:39:52',NULL),(4,'humas.jateng','https://instagram.com/p/B5rTjO3lH36',11584,272,0,0,'2019-12-05 11:03:53',NULL,'2019-12-11 01:40:09',NULL),(5,'humasprovjatim','https://instagram.com/p/B54-3-VgAaw',10863,91,0,0,'2019-12-10 18:32:35',NULL,'2019-12-11 01:40:28',NULL),(6,'humasprovjatim','https://instagram.com/p/B540jZiFvVu',10863,22,0,0,'2019-12-10 17:04:54',NULL,'2019-12-11 01:40:45',NULL),(7,'humasprovjatim','https://instagram.com/p/B53-4dDAXmH',10863,136,2,1,'2019-12-10 09:13:25',NULL,'2019-12-11 01:41:03',NULL),(8,'humasprovjatim','https://instagram.com/p/B52E84clpmM',10863,48,0,0,'2019-12-09 15:28:47',NULL,'2019-12-11 01:41:20',NULL),(9,'humasprovjatim','https://instagram.com/p/B5zlDq-AKC4',10863,234,21,0,'2019-12-08 16:10:47',NULL,'2019-12-11 01:41:38',NULL),(10,'humasprovjatim','https://instagram.com/p/B5wcS5jpG1f',10863,108,1,0,'2019-12-07 10:57:20',NULL,'2019-12-11 01:41:58',NULL),(11,'humasprovjatim','https://instagram.com/p/B5uKKJOgfQi',10863,160,1,0,'2019-12-06 13:39:32',NULL,'2019-12-11 01:42:15',NULL),(12,'humasprovjatim','https://instagram.com/p/B5pmabcAJJU',10863,103,0,0,'2019-12-04 19:10:14',NULL,'2019-12-11 01:42:33',NULL),(13,'humasprovjatim','https://instagram.com/p/B5oif9ag7UV',10863,141,0,0,'2019-12-04 09:16:48',NULL,'2019-12-11 01:42:50',NULL),(14,'humas_jabar','https://instagram.com/p/B55Dj_hhzBi',89706,396,6,0,'2019-12-10 19:13:33',NULL,'2019-12-11 01:43:09',NULL),(15,'humas_jabar','https://instagram.com/p/B54dODnh5ZW',89706,169,0,0,'2019-12-10 13:38:30',NULL,'2019-12-11 01:43:26',NULL),(16,'humas_jabar','https://instagram.com/p/B54KwYbBiDd',89706,132,0,0,'2019-12-10 11:03:25',NULL,'2019-12-11 01:43:44',NULL),(17,'humas_jabar','https://instagram.com/p/B53oJ0khgyY',89706,204,4,0,'2019-12-10 05:56:10',NULL,'2019-12-11 01:44:01',NULL),(18,'humas_jabar','https://instagram.com/p/B52cm5DB_rv',89706,148,1,0,'2019-12-09 18:54:41',NULL,'2019-12-11 01:44:19',NULL),(19,'humas_jabar','https://instagram.com/p/B52MH-BBYgH',89706,169,0,0,'2019-12-09 16:30:39',NULL,'2019-12-11 01:44:36',NULL),(20,'humas_jabar','https://instagram.com/p/B513s6WhO0_',89706,344,7,4,'2019-12-09 13:32:11',NULL,'2019-12-11 01:44:54',NULL),(21,'humas_jabar','https://instagram.com/p/B51SOwehO5C',89706,211,0,0,'2019-12-09 08:04:46',NULL,'2019-12-11 01:45:12',NULL),(22,'humas_jabar','https://instagram.com/p/B50GxGjhzut',89706,147,7,0,'2019-12-08 21:05:21',NULL,'2019-12-11 01:45:29',NULL),(23,'humas_jabar','https://instagram.com/p/B5z7frghcaa',89706,405,28,8,'2019-12-08 19:26:51',NULL,'2019-12-11 01:45:49',NULL),(24,'humas_jabar','https://instagram.com/p/B5z0kjOhix8',89706,169,0,0,'2019-12-08 18:26:21',NULL,'2019-12-11 01:46:06',NULL),(25,'humas_jabar','https://instagram.com/p/B5zqxSNh1hS',89706,379,1,0,'2019-12-08 17:00:42',NULL,'2019-12-11 01:46:24',NULL),(26,'humas_jabar','https://instagram.com/p/B5ywigjBcvr',89706,632,13,4,'2019-12-08 08:31:53',NULL,'2019-12-11 01:46:43',NULL),(27,'humas_jabar','https://instagram.com/p/B5xaEfDBxJf',89706,244,5,0,'2019-12-07 19:56:18',NULL,'2019-12-11 01:47:02',NULL),(28,'humas_jabar','https://instagram.com/p/B5xTNpZh6kx',89706,227,1,0,'2019-12-07 18:56:23',NULL,'2019-12-11 01:47:19',NULL),(29,'humas_jabar','https://instagram.com/p/B5w66qFBHNg',89706,182,0,0,'2019-12-07 15:24:05',NULL,'2019-12-11 01:47:37',NULL),(30,'humas_jabar','https://instagram.com/p/B5wji3nhqUJ',89706,256,0,0,'2019-12-07 11:59:51',NULL,'2019-12-11 01:47:54',NULL),(31,'humas_jabar','https://instagram.com/p/B5wXV24B9lA',89706,325,2,0,'2019-12-07 10:13:13',NULL,'2019-12-11 01:48:12',NULL),(32,'humas_jabar','https://instagram.com/p/B5v_zFShfOj',89706,794,10,4,'2019-12-07 06:47:30',NULL,'2019-12-11 01:48:30',NULL),(33,'humas_jabar','https://instagram.com/p/B5vIfX3hAgj',89706,263,0,0,'2019-12-06 22:44:12',NULL,'2019-12-11 01:48:47',NULL),(34,'humas_jabar','https://instagram.com/p/B5uoUlpBfRg',89706,589,9,0,'2019-12-06 18:03:07',NULL,'2019-12-11 01:49:05',NULL),(35,'humas_jabar','https://instagram.com/p/B5uQQsBh6I4',89706,103,0,0,'2019-12-06 14:38:00',NULL,'2019-12-11 01:49:22',NULL),(36,'humas_jabar','https://instagram.com/p/B5uGFtMhxYb',89706,217,0,0,'2019-12-06 13:03:59',NULL,'2019-12-11 01:49:40',NULL),(37,'humas_jabar','https://instagram.com/p/B5tVKLVBiHT',89706,505,2,0,'2019-12-06 05:56:25',NULL,'2019-12-11 01:49:58',NULL),(38,'humas_jabar','https://instagram.com/p/B5r3n4oBQ7Z',89706,197,0,0,'2019-12-05 16:19:06',NULL,'2019-12-11 01:50:16',NULL),(39,'humas_jabar','https://instagram.com/p/B5rGX9BhhFk',89706,383,3,0,'2019-12-05 09:08:45',NULL,'2019-12-11 01:50:34',NULL),(40,'humas_jabar','https://instagram.com/p/B5pzrKyBM4g',89706,183,2,0,'2019-12-04 21:06:07',NULL,'2019-12-11 01:50:52',NULL),(41,'humas_jabar','https://instagram.com/p/B5pWpoCBCAw',89706,402,4,0,'2019-12-04 16:52:30',NULL,'2019-12-11 01:51:09',NULL),(42,'humas_jabar','https://instagram.com/p/B5pM8uih1go',89706,350,3,0,'2019-12-04 15:27:43',NULL,'2019-12-11 01:51:27',NULL),(43,'humas_jabar','https://instagram.com/p/B5pHAzqBo_0',89706,183,0,0,'2019-12-04 14:35:51',NULL,'2019-12-11 01:51:45',NULL),(44,'humas_jabar','https://instagram.com/p/B5oS6BgBWLS',89706,398,8,2,'2019-12-04 07:00:32',NULL,'2019-12-11 01:52:03',NULL),(45,'kaltaraprov','https://instagram.com/p/B55B2yunOwS',14523,48,0,0,'2019-12-10 18:58:38',NULL,'2019-12-11 01:52:21',NULL),(46,'kaltaraprov','https://instagram.com/p/B55Amwon4Gj',14523,128,0,0,'2019-12-10 18:47:43',NULL,'2019-12-11 01:52:38',NULL),(47,'kaltaraprov','https://instagram.com/p/B54LqxtoSDx',14523,55,1,0,'2019-12-10 11:05:08',NULL,'2019-12-11 01:52:55',NULL),(48,'kaltaraprov','https://instagram.com/p/B54HFbGom-d',14523,57,2,0,'2019-12-10 10:25:05',NULL,'2019-12-11 01:53:13',NULL),(49,'kaltaraprov','https://instagram.com/p/B54BLYUnvs0',14523,114,0,0,'2019-12-10 09:33:28',NULL,'2019-12-11 01:53:30',NULL),(50,'kaltaraprov','https://instagram.com/p/B5397opnObp',14523,79,0,0,'2019-12-10 09:05:06',NULL,'2019-12-11 01:53:47',NULL),(51,'kaltaraprov','https://instagram.com/p/B538N7RIYq-',14523,235,1,0,'2019-12-10 08:50:08',NULL,'2019-12-11 01:54:05',NULL),(52,'kaltaraprov','https://instagram.com/p/B536b2fncv5',14523,50,0,0,'2019-12-10 08:34:33',NULL,'2019-12-11 01:54:22',NULL),(53,'kaltaraprov','https://instagram.com/p/B5355OJjZmC',14523,60,0,0,'2019-12-10 08:29:50',NULL,'2019-12-11 01:54:39',NULL),(54,'kaltaraprov','https://instagram.com/p/B534zAaIu_f',14523,54,0,0,'2019-12-10 08:20:14',NULL,'2019-12-11 01:54:57',NULL),(55,'kaltaraprov','https://instagram.com/p/B533pVqIp0p',14523,65,0,0,'2019-12-10 08:10:11',NULL,'2019-12-11 01:55:14',NULL),(56,'kaltaraprov','https://instagram.com/p/B533pCpDtpd',14523,93,1,0,'2019-12-10 08:10:08',NULL,'2019-12-11 01:55:31',NULL),(57,'kaltaraprov','https://instagram.com/p/B53165RD0ef',14523,83,0,0,'2019-12-10 07:55:06',NULL,'2019-12-11 01:55:49',NULL),(58,'kaltaraprov','https://instagram.com/p/B53udQ9DBKQ',14523,84,0,0,'2019-12-10 06:49:53',NULL,'2019-12-11 01:56:06',NULL),(59,'kaltaraprov','https://instagram.com/p/B51_eFmgfwJ',14523,165,0,0,'2019-12-09 14:40:04',NULL,'2019-12-11 01:56:23',NULL),(60,'kaltaraprov','https://instagram.com/p/B518Cc-Ajy_',14523,137,0,0,'2019-12-09 14:10:05',NULL,'2019-12-11 01:56:41',NULL),(61,'kaltaraprov','https://instagram.com/p/B51xvdGoLgE',14523,266,0,0,'2019-12-09 12:40:06',NULL,'2019-12-11 01:56:58',NULL),(62,'kaltaraprov','https://instagram.com/p/B51ncCSAHOE',14523,94,0,0,'2019-12-09 11:10:04',NULL,'2019-12-11 01:57:15',NULL),(63,'kaltaraprov','https://instagram.com/p/B51jqvFH-Rc',14523,52,0,0,'2019-12-09 10:37:58',NULL,'2019-12-11 01:57:33',NULL),(64,'kaltaraprov','https://instagram.com/p/B51gk0QoB3n',14523,170,0,0,'2019-12-09 10:10:06',NULL,'2019-12-11 01:57:50',NULL),(65,'kaltaraprov','https://instagram.com/p/B5zR_77HhZH',14523,132,0,0,'2019-12-08 13:24:15',NULL,'2019-12-11 01:58:07',NULL),(66,'kaltaraprov','https://instagram.com/p/B5t7W3ZI-nA',14523,163,3,0,'2019-12-06 11:30:12',NULL,'2019-12-11 01:58:25',NULL),(67,'kaltaraprov','https://instagram.com/p/B5t7Wx-gdpV',14523,90,1,0,'2019-12-06 11:30:12',NULL,'2019-12-11 01:58:42',NULL),(68,'kaltaraprov','https://instagram.com/p/B5t7SaOo43Y',14523,141,1,0,'2019-12-06 11:29:36',NULL,'2019-12-11 01:58:59',NULL),(69,'kaltaraprov','https://instagram.com/p/B5t6xLoghBb',14523,91,2,0,'2019-12-06 11:25:04',NULL,'2019-12-11 01:59:16',NULL),(70,'kaltaraprov','https://instagram.com/p/B5t6NCpIyR0',14523,91,1,0,'2019-12-06 11:20:08',NULL,'2019-12-11 01:59:34',NULL),(71,'kaltaraprov','https://instagram.com/p/B5t6MpvgVBf',14523,190,2,0,'2019-12-06 11:20:04',NULL,'2019-12-11 01:59:51',NULL),(72,'kaltaraprov','https://instagram.com/p/B5t48FiDo80',14523,119,0,0,'2019-12-06 11:09:04',NULL,'2019-12-11 02:00:08',NULL),(73,'kaltaraprov','https://instagram.com/p/B5rumDwgBaM',14523,48,1,0,'2019-12-05 15:00:12',NULL,'2019-12-11 02:00:26',NULL),(74,'kaltaraprov','https://instagram.com/p/B5rpb64gM5w',14523,105,1,0,'2019-12-05 14:15:08',NULL,'2019-12-11 02:00:43',NULL),(75,'kaltaraprov','https://instagram.com/p/B5rnusPgRb4',14523,64,1,0,'2019-12-05 14:00:13',NULL,'2019-12-11 02:01:01',NULL),(76,'kaltaraprov','https://instagram.com/p/B5rbtCAIumI',14523,209,2,0,'2019-12-05 12:15:08',NULL,'2019-12-11 02:01:18',NULL),(77,'kaltaraprov','https://instagram.com/p/B5rTI-VjfyX',14523,112,1,0,'2019-12-05 11:00:18',NULL,'2019-12-11 02:01:36',NULL),(78,'kaltaraprov','https://instagram.com/p/B5pv_yFnA9b',14523,107,1,0,'2019-12-04 20:33:58',NULL,'2019-12-11 02:01:55',NULL),(79,'kaltaraprov','https://instagram.com/p/B5pXCavnxwf',14523,206,9,0,'2019-12-04 16:55:53',NULL,'2019-12-11 02:02:12',NULL),(80,'kaltaraprov','https://instagram.com/p/B5o4n2AjvBA',14523,78,0,0,'2019-12-04 12:30:06',NULL,'2019-12-11 02:02:30',NULL),(81,'kaltaraprov','https://instagram.com/p/B5o4CzcDTVL',14523,41,0,0,'2019-12-04 12:25:03',NULL,'2019-12-11 02:02:47',NULL),(82,'kaltaraprov','https://instagram.com/p/B5o25wgDb0b',14523,168,0,0,'2019-12-04 12:15:05',NULL,'2019-12-11 02:03:04',NULL),(83,'kaltaraprov','https://instagram.com/p/B5o1wyro_K7',14523,129,0,0,'2019-12-04 12:05:07',NULL,'2019-12-11 02:03:22',NULL),(84,'kaltaraprov','https://instagram.com/p/B5o1NcLIP_k',14523,341,0,0,'2019-12-04 12:00:17',NULL,'2019-12-11 02:03:39',NULL),(85,'kaltaraprov','https://instagram.com/p/B5ozhXoDmPT',14523,83,0,0,'2019-12-04 11:45:32',NULL,'2019-12-11 02:03:56',NULL),(86,'kumparancom','https://instagram.com/p/B55PM_TH3GN',667675,436,9,0,'2019-12-10 21:01:02',NULL,'2019-12-11 02:04:15',NULL),(87,'kumparancom','https://instagram.com/p/B55PoG2ln0V',667675,7167,230,0,'2019-12-10 20:58:58',NULL,'2019-12-11 02:04:50',NULL),(88,'kumparancom','https://instagram.com/p/B55Lqq4l0VL',667675,2389,19,0,'2019-12-10 20:24:22',NULL,'2019-12-11 02:05:10',NULL),(89,'kumparancom','https://instagram.com/p/B55E9CFnXiV',667675,1396,60,0,'2019-12-10 19:30:31',NULL,'2019-12-11 02:05:31',NULL),(90,'kumparancom','https://instagram.com/p/B55CHdMDtuU',667675,1401,27,0,'2019-12-10 19:00:55',NULL,'2019-12-11 02:05:50',NULL),(91,'kumparancom','https://instagram.com/p/B54-ncZAotk',667675,645,215,0,'2019-12-10 18:30:20',NULL,'2019-12-11 02:06:22',NULL),(92,'kumparancom','https://instagram.com/p/B546mTEgNNK',667675,434,4,0,'2019-12-10 18:01:14',NULL,'2019-12-11 02:06:42',NULL),(93,'kumparancom','https://instagram.com/p/B543z2JFA9c',667675,1456,52,0,'2019-12-10 17:30:51',NULL,'2019-12-11 02:07:02',NULL),(94,'kumparancom','https://instagram.com/p/B5409t0Acpo',667675,1056,4,0,'2019-12-10 17:11:03',NULL,'2019-12-11 02:07:20',NULL),(95,'kumparancom','https://instagram.com/p/B54w3gqAmT_',667675,3689,104,0,'2019-12-10 16:30:11',NULL,'2019-12-11 02:07:42',NULL),(96,'kumparancom','https://instagram.com/p/B54qAF_A47e',667675,2577,108,0,'2019-12-10 15:30:12',NULL,'2019-12-11 02:08:08',NULL),(97,'kumparancom','https://instagram.com/p/B54mpTggXWx',667675,11325,375,0,'2019-12-10 15:00:52',NULL,'2019-12-11 02:08:51',NULL),(98,'kumparancom','https://instagram.com/p/B54jJxNAmCE',667675,12977,1548,0,'2019-12-10 14:30:21',NULL,'2019-12-11 02:12:46',NULL),(99,'kumparancom','https://instagram.com/p/B54cRluARZy',667675,7978,363,0,'2019-12-10 13:35:27',NULL,'2019-12-11 02:13:29',NULL),(100,'kumparancom','https://instagram.com/p/B54VaOSDcK7',667675,10737,153,0,'2019-12-10 12:30:16',NULL,'2019-12-11 02:13:58',NULL),(101,'kumparancom','https://instagram.com/p/B54SBCcA_16',667675,5909,39,0,'2019-12-10 12:00:37',NULL,'2019-12-11 02:14:18',NULL),(102,'kumparancom','https://instagram.com/p/B54LI87AmZ8',667675,689,11,0,'2019-12-10 11:05:36',NULL,'2019-12-11 02:14:35',NULL),(103,'kumparancom','https://instagram.com/p/B54EDlmlmPa',667675,423,11,0,'2019-12-10 09:59:10',NULL,'2019-12-11 02:14:53',NULL),(104,'kumparancom','https://instagram.com/p/B539cFaI2uT',667675,5741,457,0,'2019-12-10 09:00:48',NULL,'2019-12-11 02:15:49',NULL),(105,'kumparancom','https://instagram.com/p/B52qZKoj8Dt',667675,656,23,0,'2019-12-09 21:01:00',NULL,'2019-12-11 02:16:10',NULL),(106,'kumparancom','https://instagram.com/p/B52nitujvRy',667675,359,4,0,'2019-12-09 20:30:14',NULL,'2019-12-11 02:16:27',NULL),(107,'kumparancom','https://instagram.com/p/B52iYD3DOxw',667675,3654,140,0,'2019-12-09 19:45:05',NULL,'2019-12-11 02:16:53',NULL),(108,'kumparancom','https://instagram.com/p/B52W-iMAED-',667675,36011,308,0,'2019-12-09 18:10:37',NULL,'2019-12-11 02:17:35',NULL),(109,'kumparancom','https://instagram.com/p/B52WceRl80D',667675,12635,24,0,'2019-12-09 18:00:50',NULL,'2019-12-11 02:17:57',NULL),(110,'kumparancom','https://instagram.com/p/B52WJyolXoJ',667675,1556,27,0,'2019-12-09 17:58:17',NULL,'2019-12-11 02:18:16',NULL),(111,'kumparancom','https://instagram.com/p/B52Ufmajn5c',667675,10477,165,0,'2019-12-09 17:43:47',NULL,'2019-12-11 02:18:43',NULL),(112,'kumparancom','https://instagram.com/p/B52S8IpjQQ-',667675,6746,115,0,'2019-12-09 17:30:12',NULL,'2019-12-11 02:19:08',NULL),(113,'kumparancom','https://instagram.com/p/B52O5IWFgzZ',667675,5202,207,0,'2019-12-09 16:54:50',NULL,'2019-12-11 02:19:39',NULL),(114,'kumparancom','https://instagram.com/p/B52Iu7ljfDp',667675,16871,285,0,'2019-12-09 16:06:03',NULL,'2019-12-11 02:20:29',NULL),(115,'kumparancom','https://instagram.com/p/B52FM5MAryV',667675,407,13,0,'2019-12-09 15:30:09',NULL,'2019-12-11 02:20:47',NULL),(116,'kumparancom','https://instagram.com/p/B51-VUhA5LD',667675,2880,73,0,'2019-12-09 14:30:08',NULL,'2019-12-11 02:21:08',NULL),(117,'kumparancom','https://instagram.com/p/B513etcga6I',667675,10246,1226,0,'2019-12-09 13:35:16',NULL,'2019-12-11 02:24:13',NULL),(118,'kumparancom','https://instagram.com/p/B510md1gLXg',667675,1049,21,0,'2019-12-09 13:10:09',NULL,'2019-12-11 02:24:32',NULL),(119,'kumparancom','https://instagram.com/p/B51tM3_AAgo',667675,4344,13,0,'2019-12-09 12:00:26',NULL,'2019-12-11 02:24:50',NULL),(120,'kumparancom','https://instagram.com/p/B51mup1ljM7',667675,5266,129,0,'2019-12-09 11:03:53',NULL,'2019-12-11 02:25:17',NULL),(121,'kumparancom','https://instagram.com/p/B51fgvBqtm8',667675,2764,51,0,'2019-12-09 10:00:49',NULL,'2019-12-11 02:25:36',NULL),(122,'kumparancom','https://instagram.com/p/B51YFBLKjn_',667675,580,8,0,'2019-12-09 09:01:00',NULL,'2019-12-11 02:25:55',NULL),(123,'kumparancom','https://instagram.com/p/B50D-sPjUqn',667675,8270,80,0,'2019-12-08 20:41:00',NULL,'2019-12-11 02:26:18',NULL),(124,'kumparancom','https://instagram.com/p/B5z_61DAHoG',667675,2772,84,0,'2019-12-08 20:05:31',NULL,'2019-12-11 02:26:41',NULL),(125,'kumparancom','https://instagram.com/p/B5znYLqgZV1',667675,1853,38,0,'2019-12-08 16:31:04',NULL,'2019-12-11 02:27:01',NULL),(126,'kumparancom','https://instagram.com/p/B5zgdjHDaLA',667675,6862,217,0,'2019-12-08 15:30:38',NULL,'2019-12-11 02:27:33',NULL),(127,'kumparancom','https://instagram.com/p/B5zZNJzD1Fw',667675,12397,215,0,'2019-12-08 14:32:26',NULL,'2019-12-11 02:28:16',NULL),(128,'kumparancom','https://instagram.com/p/B5zQaEOlEgC',667675,2355,28,0,'2019-12-08 13:10:21',NULL,'2019-12-11 02:28:40',NULL),(129,'kumparancom','https://instagram.com/p/B5zIZyAAk4B',667675,8974,462,0,'2019-12-08 12:00:24',NULL,'2019-12-11 02:29:28',NULL),(130,'kumparancom','https://instagram.com/p/B5zBuovl4l7',667675,1832,17,0,'2019-12-08 11:02:09',NULL,'2019-12-11 02:29:46',NULL),(131,'kumparancom','https://instagram.com/p/B5y6qlujI1p',667675,32112,641,0,'2019-12-08 10:00:22',NULL,'2019-12-11 02:30:51',NULL),(132,'kumparancom','https://instagram.com/p/B5yzGdbjLRG',667675,813,11,0,'2019-12-08 08:59:23',NULL,'2019-12-11 02:31:11',NULL),(133,'kumparancom','https://instagram.com/p/B5xd9hugQFz',667675,2632,10,0,'2019-12-07 20:30:18',NULL,'2019-12-11 02:31:30',NULL),(134,'kumparancom','https://instagram.com/p/B5xamUjgx95',667675,4043,46,0,'2019-12-07 20:00:55',NULL,'2019-12-11 02:31:50',NULL),(135,'kumparancom','https://instagram.com/p/B5xX3Y2lU2Y',667675,11835,246,0,'2019-12-07 19:37:02',NULL,'2019-12-11 02:32:24',NULL),(136,'kumparancom','https://instagram.com/p/B5xPhAPjpY1',667675,13164,345,0,'2019-12-07 18:29:04',NULL,'2019-12-11 02:33:04',NULL),(137,'kumparancom','https://instagram.com/p/B5xOfyylOAP',667675,540,7,0,'2019-12-07 18:15:10',NULL,'2019-12-11 02:33:22',NULL),(138,'kumparancom','https://instagram.com/p/B5xLFgMAAbe',667675,13242,160,0,'2019-12-07 17:45:22',NULL,'2019-12-11 02:33:49',NULL),(139,'kumparancom','https://instagram.com/p/B5xKz1ylOOY',667675,522,3,0,'2019-12-07 17:43:33',NULL,'2019-12-11 02:34:06',NULL),(140,'kumparancom','https://instagram.com/p/B5xKfHwAwmk',667675,2465,11,0,'2019-12-07 17:40:08',NULL,'2019-12-11 02:34:24',NULL),(141,'kumparancom','https://instagram.com/p/B5xJWqNjug7',667675,1793,10,0,'2019-12-07 17:30:14',NULL,'2019-12-11 02:34:42',NULL),(142,'kumparancom','https://instagram.com/p/B5xB7uZgyBH',667675,4407,328,0,'2019-12-07 16:30:30',NULL,'2019-12-11 02:35:20',NULL),(143,'kumparancom','https://instagram.com/p/B5w-Lofldp1',667675,7410,216,0,'2019-12-07 15:52:37',NULL,'2019-12-11 02:35:54',NULL),(144,'kumparancom','https://instagram.com/p/B5w7m6oAhUh',667675,293,2,0,'2019-12-07 15:30:07',NULL,'2019-12-11 02:36:12',NULL),(145,'kumparancom','https://instagram.com/p/B5w0DhHj1i0',667675,8737,286,0,'2019-12-07 14:29:07',NULL,'2019-12-11 02:36:50',NULL),(146,'kumparancom','https://instagram.com/p/B5wt5JaggU8',667675,6927,18,0,'2019-12-07 13:30:16',NULL,'2019-12-11 02:37:12',NULL),(147,'kumparancom','https://instagram.com/p/B5wnDxVozTt',667675,8927,69,0,'2019-12-07 12:30:33',NULL,'2019-12-11 02:37:33',NULL),(148,'kumparancom','https://instagram.com/p/B5wfoQ4K4Ny',667675,1110,61,0,'2019-12-07 11:30:19',NULL,'2019-12-11 02:37:54',NULL),(149,'kumparancom','https://instagram.com/p/B5wcPqwFcV2',667675,2030,18,0,'2019-12-07 10:56:04',NULL,'2019-12-11 02:38:12',NULL),(150,'kumparancom','https://instagram.com/p/B5wV_xJo-0t',667675,7218,241,0,'2019-12-07 10:01:28',NULL,'2019-12-11 02:38:43',NULL),(151,'kumparancom','https://instagram.com/p/B5wOc2bIfUs',667675,4782,23,0,'2019-12-07 09:01:32',NULL,'2019-12-11 02:39:02',NULL),(152,'kumparancom','https://instagram.com/p/B5u8rrknFPz',667675,9125,117,0,'2019-12-06 21:01:02',NULL,'2019-12-11 02:39:26',NULL),(153,'kumparancom','https://instagram.com/p/B5u5J9RDnN5',667675,340,6,0,'2019-12-06 20:30:12',NULL,'2019-12-11 02:39:43',NULL),(154,'kumparancom','https://instagram.com/p/B5u12BLAPUa',667675,3588,50,0,'2019-12-06 20:01:16',NULL,'2019-12-11 02:40:03',NULL),(155,'kumparancom','https://instagram.com/p/B5u0L9wlmne',667675,570,2,0,'2019-12-06 19:46:47',NULL,'2019-12-11 02:40:20',NULL),(156,'kumparancom','https://instagram.com/p/B5uySjDDi63',667675,6957,629,0,'2019-12-06 19:30:13',NULL,'2019-12-11 02:41:23',NULL),(157,'kumparancom','https://instagram.com/p/B5utcMFlcKL',667675,14506,857,0,'2019-12-06 18:49:34',NULL,'2019-12-11 02:42:58',NULL),(158,'kumparancom','https://instagram.com/p/B5urbeuDHSv',667675,2065,73,0,'2019-12-06 18:30:16',NULL,'2019-12-11 02:43:24',NULL),(159,'kumparancom','https://instagram.com/p/B5und4EnXr5',667675,455,5,0,'2019-12-06 17:55:38',NULL,'2019-12-11 02:43:42',NULL),(160,'kumparancom','https://instagram.com/p/B5ueMmjDGhC',667675,8661,250,0,'2019-12-06 16:39:39',NULL,'2019-12-11 02:44:15',NULL),(161,'kumparancom','https://instagram.com/p/B5ub_ysF9lR',667675,1540,13,0,'2019-12-06 16:15:25',NULL,'2019-12-11 02:44:33',NULL),(162,'kumparancom','https://instagram.com/p/B5uYaREAlQf',667675,7014,179,0,'2019-12-06 15:44:05',NULL,'2019-12-11 02:45:00',NULL),(163,'kumparancom','https://instagram.com/p/B5uStVkgi_H',667675,1836,13,1,'2019-12-06 14:59:16',NULL,'2019-12-11 02:45:18',NULL),(164,'kumparancom','https://instagram.com/p/B5uP9FyD2Ze',667675,466,3,0,'2019-12-06 14:30:11',NULL,'2019-12-11 02:45:36',NULL),(165,'kumparancom','https://instagram.com/p/B5uMn1KggqC',667675,4907,40,0,'2019-12-06 14:01:04',NULL,'2019-12-11 02:45:55',NULL),(166,'kumparancom','https://instagram.com/p/B5uE9dqD7CW',667675,10660,538,0,'2019-12-06 12:59:06',NULL,'2019-12-11 02:46:52',NULL),(167,'kumparancom','https://instagram.com/p/B5uCOB-DoeS',667675,3601,75,0,'2019-12-06 12:30:10',NULL,'2019-12-11 02:47:14',NULL),(168,'kumparancom','https://instagram.com/p/B5t-NFhDIx8',667675,1786,233,0,'2019-12-06 12:00:32',NULL,'2019-12-11 02:47:48',NULL),(169,'kumparancom','https://instagram.com/p/B5t3-m9gVl8',667675,8865,273,0,'2019-12-06 11:00:41',NULL,'2019-12-11 02:48:25',NULL),(170,'kumparancom','https://instagram.com/p/B5tyyvIlApK',667675,2450,88,0,'2019-12-06 10:16:00',NULL,'2019-12-11 02:48:49',NULL),(171,'kumparancom','https://instagram.com/p/B5tqS-ZqCju',667675,6146,108,0,'2019-12-06 09:01:08',NULL,'2019-12-11 02:49:12',NULL),(172,'kumparancom','https://instagram.com/p/B5sbOv0j-Uu',667675,1442,2,0,'2019-12-05 21:30:14',NULL,'2019-12-11 02:49:30',NULL),(173,'kumparancom','https://instagram.com/p/B5sTrWJj5wM',667675,5176,240,0,'2019-12-05 20:29:28',NULL,'2019-12-11 02:50:05',NULL),(174,'kumparancom','https://instagram.com/p/B5sNd2QFLaL',667675,373,2,0,'2019-12-05 19:29:58',NULL,'2019-12-11 02:50:26',NULL),(175,'kumparancom','https://instagram.com/p/B5sKLVrHu6H',667675,288,2,0,'2019-12-05 19:01:13',NULL,'2019-12-11 02:50:43',NULL),(176,'kumparancom','https://instagram.com/p/B5sGodrDBbR',667675,3496,971,0,'2019-12-05 18:30:15',NULL,'2019-12-11 02:52:48',NULL),(177,'kumparancom','https://instagram.com/p/B5sDTwbj_fu',667675,10773,332,0,'2019-12-05 18:01:12',NULL,'2019-12-11 02:53:30',NULL),(178,'kumparancom','https://instagram.com/p/B5r_wSfDfDn',667675,2222,8,0,'2019-12-05 17:30:09',NULL,'2019-12-11 02:53:48',NULL),(179,'kumparancom','https://instagram.com/p/B5r8Ys3jnRS',667675,3785,74,0,'2019-12-05 17:00:43',NULL,'2019-12-11 02:54:09',NULL),(180,'kumparancom','https://instagram.com/p/B5r4RhzD8q5',667675,23749,678,0,'2019-12-05 16:24:47',NULL,'2019-12-11 02:55:48',NULL),(181,'kumparancom','https://instagram.com/p/B5r3m0YDp0Z',667675,25818,22,0,'2019-12-05 16:18:57',NULL,'2019-12-11 02:56:09',NULL),(182,'kumparancom','https://instagram.com/p/B5ryDCSjpXl',667675,8575,74,0,'2019-12-05 15:35:28',NULL,'2019-12-11 02:56:31',NULL),(183,'kumparancom','https://instagram.com/p/B5ruqeyAiiW',667675,1709,19,0,'2019-12-05 15:00:48',NULL,'2019-12-11 02:56:48',NULL),(184,'kumparancom','https://instagram.com/p/B5rsTdVg7FQ',667675,292,0,0,'2019-12-05 14:40:11',NULL,'2019-12-11 02:57:06',NULL),(185,'kumparancom','https://instagram.com/p/B5rkTJHj1R2',667675,3579,73,0,'2019-12-05 13:30:14',NULL,'2019-12-11 02:57:28',NULL),(186,'kumparancom','https://instagram.com/p/B5rg6txjDwU',667675,357,2,0,'2019-12-05 13:00:41',NULL,'2019-12-11 02:57:45',NULL),(187,'kumparancom','https://instagram.com/p/B5rZ--ojwzy',667675,24214,722,0,'2019-12-05 12:05:08',NULL,'2019-12-11 03:01:15',NULL),(188,'kumparancom','https://instagram.com/p/B5rWChMoI-y',667675,906,55,0,'2019-12-05 11:30:21',NULL,'2019-12-11 03:01:39',NULL),(189,'kumparancom','https://instagram.com/p/B5rTKDzjSo4',667675,14437,607,0,'2019-12-05 11:00:27',NULL,'2019-12-11 03:02:43',NULL),(190,'kumparancom','https://instagram.com/p/B5rQMQUF_xi',667675,497,5,0,'2019-12-05 10:36:29',NULL,'2019-12-11 03:03:04',NULL),(191,'kumparancom','https://instagram.com/p/B5rMSHLjuik',667675,375,26,0,'2019-12-05 10:00:23',NULL,'2019-12-11 03:03:21',NULL),(192,'kumparancom','https://instagram.com/p/B5rFdcMIOqv',667675,3245,214,0,'2019-12-05 09:00:46',NULL,'2019-12-11 03:03:53',NULL),(193,'kumparancom','https://instagram.com/p/B5p4tgRl7Fe',667675,6960,53,0,'2019-12-04 21:50:07',NULL,'2019-12-11 03:04:16',NULL),(194,'kumparancom','https://instagram.com/p/B5px2rvAQCT',667675,3016,52,0,'2019-12-04 20:55:25',NULL,'2019-12-11 03:04:37',NULL),(195,'kumparancom','https://instagram.com/p/B5psRFpD0Yg',667675,17958,491,0,'2019-12-04 20:01:23',NULL,'2019-12-11 03:05:28',NULL),(196,'kumparancom','https://instagram.com/p/B5po7ghFh-3',667675,10647,63,0,'2019-12-04 19:32:13',NULL,'2019-12-11 03:05:49',NULL),(197,'kumparancom','https://instagram.com/p/B5plYKXjNRX',667675,286,4,0,'2019-12-04 19:01:11',NULL,'2019-12-11 03:06:07',NULL),(198,'kumparancom','https://instagram.com/p/B5pefmYDyhw',667675,5989,139,0,'2019-12-04 18:06:04',NULL,'2019-12-11 03:06:34',NULL),(199,'kumparancom','https://instagram.com/p/B5pcsh8jaV8',667675,22372,2388,0,'2019-12-04 17:45:19',NULL,'2019-12-11 03:15:27',NULL),(200,'kumparancom','https://instagram.com/p/B5pa9xzgAcH',667675,862,15,0,'2019-12-04 17:30:12',NULL,'2019-12-11 03:15:46',NULL),(201,'kumparancom','https://instagram.com/p/B5pZWE0FWm-',667675,542,6,0,'2019-12-04 17:16:02',NULL,'2019-12-11 03:16:03',NULL),(202,'kumparancom','https://instagram.com/p/B5pUGP_A0TP',667675,1707,29,0,'2019-12-04 16:30:11',NULL,'2019-12-11 03:16:22',NULL),(203,'kumparancom','https://instagram.com/p/B5pMw8cg_DJ',667675,6360,315,0,'2019-12-04 15:31:05',NULL,'2019-12-11 03:17:01',NULL),(204,'kumparancom','https://instagram.com/p/B5pJ4uWgWDr',667675,9159,76,0,'2019-12-04 15:00:58',NULL,'2019-12-11 03:17:26',NULL),(205,'kumparancom','https://instagram.com/p/B5pGlQsAwAZ',667675,2744,12,0,'2019-12-04 14:32:05',NULL,'2019-12-11 03:17:44',NULL),(206,'kumparancom','https://instagram.com/p/B5o5E-4D37p',667675,5754,302,0,'2019-12-04 12:34:05',NULL,'2019-12-11 03:18:22',NULL),(207,'kumparancom','https://instagram.com/p/B5o1PXCIaix',667675,9140,288,0,'2019-12-04 12:00:33',NULL,'2019-12-11 03:18:59',NULL),(208,'kumparancom','https://instagram.com/p/B5oxSRQFPCz',667675,1668,40,0,'2019-12-04 11:26:04',NULL,'2019-12-11 03:19:20',NULL),(209,'kumparancom','https://instagram.com/p/B5ouZOSoBtc',667675,3947,58,0,'2019-12-04 11:00:44',NULL,'2019-12-11 03:19:40',NULL),(210,'kumparancom','https://instagram.com/p/B5onm-Tqdi4',667675,4275,81,0,'2019-12-04 10:05:36',NULL,'2019-12-11 03:20:01',NULL),(211,'kumparancom','https://instagram.com/p/B5okBYWjO7u',667675,2305,19,0,'2019-12-04 09:30:06',NULL,'2019-12-11 03:20:19',NULL),(212,'kumparancom','https://instagram.com/p/B5oh4bPlCga',667675,440,3,0,'2019-12-04 09:11:24',NULL,'2019-12-11 03:20:37',NULL),(213,'viceind','https://instagram.com/p/B547Lu-ATow',350496,13648,76,0,'2019-12-10 18:00:38',NULL,'2019-12-11 03:20:59',NULL),(214,'viceind','https://instagram.com/p/B54tcLaAod1',350496,2358,7,0,'2019-12-10 16:00:15',NULL,'2019-12-11 03:21:17',NULL),(215,'viceind','https://instagram.com/p/B54fssFj49f',350496,10877,104,0,'2019-12-10 14:00:10',NULL,'2019-12-11 03:21:41',NULL),(216,'viceind','https://instagram.com/p/B54Sn0_oQmv',350496,24545,1862,0,'2019-12-10 12:05:54',NULL,'2019-12-11 03:30:22',NULL),(217,'viceind','https://instagram.com/p/B52WYYnjbuv',350496,12422,203,0,'2019-12-09 18:00:16',NULL,'2019-12-11 03:30:55',NULL),(218,'viceind','https://instagram.com/p/B51650XAbqo',350496,21174,633,0,'2019-12-09 14:00:10',NULL,'2019-12-11 03:32:10',NULL),(219,'viceind','https://instagram.com/p/B51tLepgEL_',350496,14492,188,0,'2019-12-09 12:00:15',NULL,'2019-12-11 03:32:40',NULL),(220,'viceind','https://instagram.com/p/B5zxj-GAaal',350496,9421,92,0,'2019-12-08 18:00:03',NULL,'2019-12-11 03:33:02',NULL),(221,'viceind','https://instagram.com/p/B5xMxLhjQLz',350496,11366,308,0,'2019-12-07 18:00:04',NULL,'2019-12-11 03:33:41',NULL),(222,'viceind','https://instagram.com/p/B5w4KuYDsAN',350496,2148,1,0,'2019-12-07 15:00:03',NULL,'2019-12-11 03:34:01',NULL),(223,'viceind','https://instagram.com/p/B5wV2EzgiZs',350496,14948,231,0,'2019-12-07 10:00:35',NULL,'2019-12-11 03:34:37',NULL),(224,'viceind','https://instagram.com/p/B5uoMDig5BN',350496,11267,107,0,'2019-12-06 18:01:57',NULL,'2019-12-11 03:35:03',NULL),(225,'viceind','https://instagram.com/p/B5uMqmegNdK',350496,12414,113,0,'2019-12-06 14:01:27',NULL,'2019-12-11 03:35:27',NULL),(226,'viceind','https://instagram.com/p/B5t_1cyjkeA',350496,15640,304,0,'2019-12-06 12:09:20',NULL,'2019-12-11 03:36:05',NULL),(227,'viceind','https://instagram.com/p/B5sDM9RA14v',350496,15706,931,0,'2019-12-05 18:00:17',NULL,'2019-12-11 03:37:53',NULL),(228,'viceind','https://instagram.com/p/B5r1d32geM-',350496,2512,2,0,'2019-12-05 16:00:15',NULL,'2019-12-11 03:38:13',NULL),(229,'viceind','https://instagram.com/p/B5rpOmBg3n1',350496,5638,9,0,'2019-12-05 14:13:19',NULL,'2019-12-11 03:38:30',NULL),(230,'viceind','https://instagram.com/p/B5rcvB7DHr7',350496,17971,508,0,'2019-12-05 12:24:09',NULL,'2019-12-11 03:39:31',NULL),(231,'viceind','https://instagram.com/p/B5peaRQAha2',350496,27660,117,0,'2019-12-04 18:00:18',NULL,'2019-12-11 03:39:59',NULL),(232,'viceind','https://instagram.com/p/B5pQrw6g3kc',350496,12342,32,0,'2019-12-04 16:00:21',NULL,'2019-12-11 03:40:18',NULL),(233,'viceind','https://instagram.com/p/B5pDfaUgvwJ',350496,23423,28,0,'2019-12-04 14:05:05',NULL,'2019-12-11 03:40:36',NULL),(234,'viceind','https://instagram.com/p/B5o1NPIjGJW',350496,9988,24,0,'2019-12-04 12:00:16',NULL,'2019-12-11 03:40:54',NULL),(235,'viceind','https://instagram.com/p/B5ongnHI3SH',350496,2392,27,0,'2019-12-04 10:00:34',NULL,'2019-12-11 03:41:12',NULL),(236,'humas.jateng','https://instagram.com/p/CARxbGgj2XU',22293,167,0,0,'2020-05-17 12:45:34',1,'2020-05-18 04:54:16','2020-05-18 11:54:17'),(237,'humasprovjatim','https://instagram.com/p/CASSnr0ASxn',26066,40,1,0,'2020-05-17 17:35:33',1,'2020-05-18 04:54:37','2020-05-18 11:54:37'),(238,'humasprovjatim','https://instagram.com/p/CAR3ESkA4fZ',26066,188,1,0,'2020-05-17 13:33:44',1,'2020-05-18 04:54:55','2020-05-18 11:54:55'),(239,'humasprovjatim','https://instagram.com/p/CARpyguAnw2',26066,220,1,0,'2020-05-17 11:37:43',1,'2020-05-18 04:55:12','2020-05-18 11:55:13'),(240,'humas_jabar','https://instagram.com/p/CASANtphLb0',122925,213,7,3,'2020-05-17 14:53:40',1,'2020-05-18 04:55:33','2020-05-18 11:55:33'),(241,'humas_jabar','https://instagram.com/p/CARxz2ahPNa',122925,236,1,0,'2020-05-17 12:47:48',1,'2020-05-18 04:55:51','2020-05-18 11:55:52'),(242,'humas_jabar','https://instagram.com/p/CARfOwUBTQr',122925,200,3,0,'2020-05-17 10:05:27',1,'2020-05-18 04:56:09','2020-05-18 11:56:10'),(243,'kaltaraprov','https://instagram.com/p/CASepI7HCrT',18392,24,0,0,'2020-05-17 19:20:22',1,'2020-05-18 04:56:29','2020-05-18 11:56:30'),(244,'kaltaraprov','https://instagram.com/p/CASb8_lnnr9',18392,87,0,0,'2020-05-17 18:56:03',1,'2020-05-18 04:56:47','2020-05-18 11:56:48'),(245,'kumparancom','https://instagram.com/p/CASzDXclaB_',947734,1104,14,0,'2020-05-17 22:17:54',1,'2020-05-18 04:57:07','2020-05-18 11:57:07'),(246,'kumparancom','https://instagram.com/p/CASjVs4lYrv',947734,961,3,0,'2020-05-17 20:00:54',1,'2020-05-18 04:57:25','2020-05-18 11:57:25'),(247,'kumparancom','https://instagram.com/p/CASg4WvFl7n',947734,2201,16,0,'2020-05-17 19:39:07',1,'2020-05-18 04:57:44','2020-05-18 11:57:44'),(248,'kumparancom','https://instagram.com/p/CASb60TFgeR',947734,2556,13,0,'2020-05-17 18:55:46',1,'2020-05-18 04:58:03','2020-05-18 11:58:04'),(249,'kumparancom','https://instagram.com/p/CASYfTGlU6V',947734,10181,382,0,'2020-05-17 18:25:47',1,'2020-05-18 04:59:27','2020-05-18 11:59:27'),(250,'kumparancom','https://instagram.com/p/CASSJclDObT',947734,4817,159,0,'2020-05-17 17:35:25',1,'2020-05-18 05:00:06','2020-05-18 12:00:07'),(251,'kumparancom','https://instagram.com/p/CASOvrHgOFK',947734,863,15,0,'2020-05-17 17:00:56',1,'2020-05-18 05:00:26','2020-05-18 12:00:27'),(252,'kumparancom','https://instagram.com/p/CASMXRpFY95',947734,6001,147,0,'2020-05-17 16:39:50',1,'2020-05-18 05:01:02','2020-05-18 12:01:03'),(253,'kumparancom','https://instagram.com/p/CASKrnOAmMG',947734,411,6,0,'2020-05-17 16:30:22',1,'2020-05-18 05:01:21','2020-05-18 12:01:22'),(254,'kumparancom','https://instagram.com/p/CASKA5elNpG',947734,15876,671,0,'2020-05-17 16:19:18',1,'2020-05-18 05:04:17','2020-05-18 12:04:18'),(255,'kumparancom','https://instagram.com/p/CASIvQQFUG4',947734,1492,11,0,'2020-05-17 16:08:09',1,'2020-05-18 05:04:37','2020-05-18 12:04:38'),(256,'kumparancom','https://instagram.com/p/CASHmujl8CV',947734,6958,156,0,'2020-05-17 15:58:15',1,'2020-05-18 05:05:15','2020-05-18 12:05:15'),(257,'kumparancom','https://instagram.com/p/CASEZjsDZ3-',947734,805,12,0,'2020-05-17 15:30:35',1,'2020-05-18 05:05:34','2020-05-18 12:05:35'),(258,'kumparancom','https://instagram.com/p/CAR9iqCD5i6',947734,259,1,0,'2020-05-17 14:35:27',1,'2020-05-18 05:05:53','2020-05-18 12:05:54'),(259,'kumparancom','https://instagram.com/p/CAR7yqBl49Y',947734,4922,0,0,'2020-05-17 14:15:01',1,'2020-05-18 05:06:11','2020-05-18 12:06:11'),(260,'kumparancom','https://instagram.com/p/CAR2ZPtldsC',947734,4224,82,0,'2020-05-17 13:27:52',1,'2020-05-18 05:06:39','2020-05-18 12:06:39'),(261,'kumparancom','https://instagram.com/p/CARvpl1FFui',947734,9971,401,0,'2020-05-17 12:28:56',1,'2020-05-18 05:08:11','2020-05-18 12:08:11'),(262,'kumparancom','https://instagram.com/p/CARlMj-FjH2',947734,6070,353,0,'2020-05-17 10:57:35',1,'2020-05-18 05:09:20','2020-05-18 12:09:20'),(263,'kumparancom','https://instagram.com/p/CARdYgvFmCk',947734,4792,46,0,'2020-05-17 09:49:19',1,'2020-05-18 05:09:43','2020-05-18 12:09:43'),(264,'kumparancom','https://instagram.com/p/CARYDnBFUlH',947734,319,2,0,'2020-05-17 09:03:56',1,'2020-05-18 05:10:02','2020-05-18 12:10:02'),(265,'kumparancom','https://instagram.com/p/CARQpHilQ1g',947734,5753,72,0,'2020-05-17 07:57:59',1,'2020-05-18 05:10:28','2020-05-18 12:10:29'),(266,'kumparancom','https://instagram.com/p/CAQ6WVhFvTd',947734,2341,14,0,'2020-05-17 04:43:11',1,'2020-05-18 05:11:09','2020-05-18 12:11:09'),(267,'viceind','https://instagram.com/p/CASW8SFAw4s',450192,20876,344,0,'2020-05-17 18:12:16',1,'2020-05-18 05:12:20','2020-05-18 12:12:20'),(268,'viceind','https://instagram.com/p/CARsYjSjqRC',450192,8943,132,0,'2020-05-17 12:00:25',1,'2020-05-18 05:12:53','2020-05-18 12:12:54'),(269,'humasbdg','https://instagram.com/p/CASZT1jlKcc',112976,243,2,0,'2020-05-17 18:32:58',1,'2020-05-18 05:13:15','2020-05-18 12:13:16'),(270,'humasbdg','https://instagram.com/p/CASZTVuFYBe',112976,190,1,0,'2020-05-17 18:32:54',1,'2020-05-18 05:13:35','2020-05-18 12:13:35'),(271,'nevertooweird','https://instagram.com/p/CASlkPCnSra',1554954,28286,41,0,'2020-05-17 20:20:05',1,'2020-05-18 05:13:58','2020-05-18 12:13:59'),(272,'nevertooweird','https://instagram.com/p/CARTKmTlvSA',1554954,31734,87,0,'2020-05-17 08:20:03',1,'2020-05-18 05:14:25','2020-05-18 12:14:26'),(273,'faktanyagoogle','https://instagram.com/p/CASqNbABvyy',2365817,5361,20,0,'2020-05-17 21:00:41',1,'2020-05-18 05:14:46','2020-05-18 12:14:46'),(274,'faktanyagoogle','https://instagram.com/p/CAScdtjhpN6',2365817,2736,2,0,'2020-05-17 19:00:31',1,'2020-05-18 05:15:04','2020-05-18 12:15:05'),(275,'faktanyagoogle','https://instagram.com/p/CASZB8Vhh5G',2365817,3321,6,0,'2020-05-17 18:30:38',1,'2020-05-18 05:15:22','2020-05-18 12:15:23'),(276,'faktanyagoogle','https://instagram.com/p/CASVmcOh1zJ',2365817,2631,20,0,'2020-05-17 18:00:45',1,'2020-05-18 05:15:46','2020-05-18 12:15:46'),(277,'faktanyagoogle','https://instagram.com/p/CASPv5QBSg1',2365817,2214,28,0,'2020-05-17 17:09:25',1,'2020-05-18 05:16:07','2020-05-18 12:16:07'),(278,'faktanyagoogle','https://instagram.com/p/CASMcdoBReC',2365817,12456,74,0,'2020-05-17 16:40:33',1,'2020-05-18 05:16:31','2020-05-18 12:16:31'),(279,'faktanyagoogle','https://instagram.com/p/CASKLQzhm7b',2365817,31703,240,0,'2020-05-17 16:20:43',1,'2020-05-18 05:17:20','2020-05-18 12:17:21'),(280,'faktanyagoogle','https://instagram.com/p/CASH3e3BoTU',2365817,17298,197,0,'2020-05-17 16:00:45',1,'2020-05-18 05:17:58','2020-05-18 12:17:59'),(281,'faktanyagoogle','https://instagram.com/p/CASApcqDcQS',2365817,845,16,0,'2020-05-17 14:58:01',1,'2020-05-18 05:18:21','2020-05-18 12:18:21'),(282,'faktanyagoogle','https://instagram.com/p/CAR_PGVhr-m',2365817,21995,225,0,'2020-05-17 14:45:07',1,'2020-05-18 05:19:06','2020-05-18 12:19:06'),(283,'faktanyagoogle','https://instagram.com/p/CARzREKBjkW',2365817,39931,473,0,'2020-05-17 13:00:38',1,'2020-05-18 05:20:52','2020-05-18 12:20:53'),(284,'faktanyagoogle','https://instagram.com/p/CARliD9h5hH',2365817,9826,35,0,'2020-05-17 11:00:31',1,'2020-05-18 05:21:14','2020-05-18 12:21:15'),(285,'faktanyagoogle','https://instagram.com/p/CARXzQxBUgp',2365817,25997,342,0,'2020-05-17 09:00:32',1,'2020-05-18 05:22:24','2020-05-18 12:22:24'),(286,'humas.jateng','https://instagram.com/p/CAUrGWdjjFQ',22291,66,0,0,'2020-05-18 15:57:05',1,'2020-05-19 03:03:38','2020-05-19 10:03:40'),(287,'humasprovjatim','https://instagram.com/p/CAVFfA-Ju_I',26123,167,4,0,'2020-05-18 19:37:27',1,'2020-05-19 03:03:57','2020-05-19 10:03:59'),(288,'humas_jabar','https://instagram.com/p/CAUu0klhfrS',123059,457,6,0,'2020-05-18 16:19:25',1,'2020-05-19 03:04:16','2020-05-19 10:04:17'),(289,'humas_jabar','https://instagram.com/p/CAUOH6OhI_k',123059,539,13,0,'2020-05-18 11:33:42',1,'2020-05-19 03:04:34','2020-05-19 10:04:36'),(290,'kaltaraprov','https://instagram.com/p/CAUu0oAAYLx',18405,45,0,0,'2020-05-18 16:19:27',1,'2020-05-19 03:04:52','2020-05-19 10:04:54'),(291,'kaltaraprov','https://instagram.com/p/CATv9Z5IHaq',18405,73,0,0,'2020-05-18 07:10:10',1,'2020-05-19 03:05:09','2020-05-19 10:05:11'),(292,'kaltaraprov','https://instagram.com/p/CATvY4DIvaD',18405,169,0,0,'2020-05-18 07:05:12',1,'2020-05-19 03:05:26','2020-05-19 10:05:28'),(293,'kaltaraprov','https://instagram.com/p/CATuPN9Hx-F',18405,79,0,0,'2020-05-18 06:55:06',1,'2020-05-19 03:05:43','2020-05-19 10:05:45'),(294,'kaltaraprov','https://instagram.com/p/CATtqfcsMOf',18405,190,1,0,'2020-05-18 06:50:05',1,'2020-05-19 03:06:00','2020-05-19 10:06:02'),(295,'kaltaraprov','https://instagram.com/p/CATtGR2H6eX',18405,83,0,0,'2020-05-18 06:45:09',1,'2020-05-19 03:06:17','2020-05-19 10:06:19'),(296,'kumparancom','https://instagram.com/p/CAVTTfxFaoJ',948657,389,11,0,'2020-05-18 21:38:12',1,'2020-05-19 03:06:35','2020-05-19 10:06:37'),(297,'kumparancom','https://instagram.com/p/CAVPSHXFh4t',948657,8268,151,0,'2020-05-18 21:03:04',1,'2020-05-19 03:07:11','2020-05-19 10:07:12'),(298,'kumparancom','https://instagram.com/p/CAVNVkqFYVP',948657,4104,86,0,'2020-05-18 20:46:04',1,'2020-05-19 03:07:34','2020-05-19 10:07:36'),(299,'kumparancom','https://instagram.com/p/CAVLsjplwac',948657,3684,88,0,'2020-05-18 20:31:43',1,'2020-05-19 03:08:00','2020-05-19 10:08:00'),(300,'kumparancom','https://instagram.com/p/CAVJ2_vgn7b',948657,4009,246,0,'2020-05-18 20:16:41',1,'2020-05-19 03:08:41','2020-05-19 10:08:41'),(301,'kumparancom','https://instagram.com/p/CAVIJgGAW5N',948657,872,8,0,'2020-05-18 20:01:11',1,'2020-05-19 03:08:59','2020-05-19 10:09:00'),(302,'kumparancom','https://instagram.com/p/CAVGX1XATkv',948657,989,44,0,'2020-05-18 19:45:34',1,'2020-05-19 03:09:19','2020-05-19 10:09:20'),(303,'kumparancom','https://instagram.com/p/CAVE9ucFeIY',948657,23287,292,0,'2020-05-18 19:32:54',1,'2020-05-19 03:10:21','2020-05-19 10:10:22'),(304,'kumparancom','https://instagram.com/p/CAVBJ5pFe-7',948657,1734,9,0,'2020-05-18 18:59:37',1,'2020-05-19 03:10:40','2020-05-19 10:10:40'),(305,'kumparancom','https://instagram.com/p/CAU9-SIFYL1',948657,3258,16,0,'2020-05-18 18:31:49',1,'2020-05-19 03:10:58','2020-05-19 10:10:58'),(306,'kumparancom','https://instagram.com/p/CAU5ydPAx6D',948657,2915,59,0,'2020-05-18 18:00:38',1,'2020-05-19 03:11:17','2020-05-19 10:11:18'),(307,'kumparancom','https://instagram.com/p/CAU4okanRA8',948657,1783,19,0,'2020-05-18 17:45:33',1,'2020-05-19 03:11:35','2020-05-19 10:11:35'),(308,'kumparancom','https://instagram.com/p/CAU29DGH8nS',948657,536,11,0,'2020-05-18 17:31:03',1,'2020-05-19 03:11:54','2020-05-19 10:11:54'),(309,'kumparancom','https://instagram.com/p/CAUzip2AKq8',948657,722,27,0,'2020-05-18 17:01:03',1,'2020-05-19 03:12:14','2020-05-19 10:12:14'),(310,'kumparancom','https://instagram.com/p/CAUwEsHANGL',948657,305,2,0,'2020-05-18 16:35:35',1,'2020-05-19 03:12:31','2020-05-19 10:12:31'),(311,'kumparancom','https://instagram.com/p/CAUtw_kF76T',948657,2306,33,0,'2020-05-18 16:10:11',1,'2020-05-19 03:12:49','2020-05-19 10:12:50'),(312,'kumparancom','https://instagram.com/p/CAUtB_8lKiF',948657,5839,101,0,'2020-05-18 16:03:46',1,'2020-05-19 03:13:13','2020-05-19 10:13:14'),(313,'kumparancom','https://instagram.com/p/CAUpRKzlgGJ',948657,4112,35,0,'2020-05-18 15:30:53',1,'2020-05-19 03:13:32','2020-05-19 10:13:32'),(314,'kumparancom','https://instagram.com/p/CAUmqBBAzrB',948657,1180,39,0,'2020-05-18 15:08:14',1,'2020-05-19 03:13:51','2020-05-19 10:13:51'),(315,'kumparancom','https://instagram.com/p/CAUkbAPlieN',948657,6951,71,0,'2020-05-18 14:48:32',1,'2020-05-19 03:14:12','2020-05-19 10:14:13'),(316,'kumparancom','https://instagram.com/p/CAUhw1EHcpi',948657,5528,105,0,'2020-05-18 14:31:04',1,'2020-05-19 03:14:39','2020-05-19 10:14:40'),(317,'kumparancom','https://instagram.com/p/CAUfBkqFJsy',948657,2396,116,0,'2020-05-18 14:01:23',1,'2020-05-19 03:15:03','2020-05-19 10:15:04'),(318,'kumparancom','https://instagram.com/p/CAUbBFgFKDb',948657,13779,569,0,'2020-05-18 13:26:21',1,'2020-05-19 03:16:29','2020-05-19 10:16:29'),(319,'kumparancom','https://instagram.com/p/CAUXmmgAfW5',948657,7109,69,0,'2020-05-18 12:56:42',1,'2020-05-19 03:16:51','2020-05-19 10:16:52'),(320,'kumparancom','https://instagram.com/p/CAUUhKUlAcl',948657,988,10,0,'2020-05-18 12:40:17',1,'2020-05-19 03:17:09','2020-05-19 10:17:09'),(321,'kumparancom','https://instagram.com/p/CAURGO_FYs9',948657,1819,0,0,'2020-05-18 11:59:41',1,'2020-05-19 03:17:26','2020-05-19 10:17:27'),(322,'kumparancom','https://instagram.com/p/CAUOQkZFe5T',948657,9033,265,0,'2020-05-18 11:34:53',1,'2020-05-19 03:18:05','2020-05-19 10:18:06'),(323,'kumparancom','https://instagram.com/p/CAUNV-vA1nx',948657,15694,216,0,'2020-05-18 11:27:13',1,'2020-05-19 03:18:45','2020-05-19 10:18:45'),(324,'kumparancom','https://instagram.com/p/CAUKTNaMOD9',948657,334,5,0,'2020-05-18 11:00:28',1,'2020-05-19 03:19:02','2020-05-19 10:19:03'),(325,'kumparancom','https://instagram.com/p/CAUDbGAgWCz',948657,581,6,0,'2020-05-18 10:00:22',1,'2020-05-19 03:19:20','2020-05-19 10:19:21'),(326,'kumparancom','https://instagram.com/p/CAUAnG1FUT9',948657,509,8,0,'2020-05-18 09:35:43',1,'2020-05-19 03:19:55','2020-05-19 10:19:56'),(327,'kumparancom','https://instagram.com/p/CAT8k00DfMg',948657,2078,22,0,'2020-05-18 09:00:33',1,'2020-05-19 03:20:13','2020-05-19 10:20:13'),(328,'kumparancom','https://instagram.com/p/CATb41fFos8',948657,1949,34,0,'2020-05-18 04:14:44',1,'2020-05-19 03:20:33','2020-05-19 10:20:34'),(329,'viceind','https://instagram.com/p/CAU6Xjvg0YZ',451399,30404,729,0,'2020-05-18 18:00:20',1,'2020-05-19 03:22:32','2020-05-19 10:22:32'),(330,'viceind','https://instagram.com/p/CAUspR9AiL5',451399,8552,328,0,'2020-05-18 16:00:25',1,'2020-05-19 03:23:25','2020-05-19 10:23:26'),(331,'viceind','https://instagram.com/p/CAUfJ_-ntyb',451399,38149,1691,0,'2020-05-18 14:02:33',1,'2020-05-19 03:35:17','2020-05-19 10:35:18'),(332,'viceind','https://instagram.com/p/CAUQh4RA9tF',451399,31566,1198,0,'2020-05-18 11:54:43',1,'2020-05-19 03:41:59','2020-05-19 10:42:00'),(333,'humasbdg','https://instagram.com/p/CAVeN2dlE_b',113079,211,1,0,'2020-05-18 23:13:33',1,'2020-05-19 03:42:22','2020-05-19 10:42:22'),(334,'humasbdg','https://instagram.com/p/CAVVT8TFC8S',113079,118,2,0,'2020-05-18 21:55:45',1,'2020-05-19 03:42:49','2020-05-19 10:42:50'),(335,'humasbdg','https://instagram.com/p/CAVGBHEFPFR',113079,312,16,2,'2020-05-18 19:42:06',1,'2020-05-19 03:43:08','2020-05-19 10:43:08'),(336,'humasbdg','https://instagram.com/p/CAUqeGalJ-p',113079,192,0,0,'2020-05-18 15:41:23',1,'2020-05-19 03:43:25','2020-05-19 10:43:26'),(337,'humasbdg','https://instagram.com/p/CAUQ1THlWCU',113079,254,7,0,'2020-05-18 11:57:22',1,'2020-05-19 03:43:43','2020-05-19 10:43:43'),(338,'nevertooweird','https://instagram.com/p/CAVKXoMl8j_',1555325,22954,104,0,'2020-05-18 20:20:11',1,'2020-05-19 03:44:08','2020-05-19 10:44:09'),(339,'nevertooweird','https://instagram.com/p/CAT39hJl5Jf',1555325,27793,124,0,'2020-05-18 08:20:10',1,'2020-05-19 03:44:34','2020-05-19 10:44:34'),(340,'faktanyagoogle','https://instagram.com/p/CAVWAzohB7t',2365631,10634,33,0,'2020-05-18 22:01:52',1,'2020-05-19 03:44:54','2020-05-19 10:44:54'),(341,'faktanyagoogle','https://instagram.com/p/CAVO-oXhVN5',2365631,108247,1785,0,'2020-05-18 21:00:24',1,'2020-05-19 03:56:19','2020-05-19 04:14:37'),(342,'faktanyagoogle','https://instagram.com/p/CAVLkzahM4S',2365631,12656,38,0,'2020-05-18 20:30:40',1,'2020-05-19 03:56:40','2020-05-19 04:14:58'),(343,'faktanyagoogle','https://instagram.com/p/CAVIMMNB1B4',2365631,19385,138,0,'2020-05-18 20:01:05',1,'2020-05-19 03:57:08','2020-05-19 10:57:08'),(344,'faktanyagoogle','https://instagram.com/p/CAVBOuBj1RU',2365631,323,1,0,'2020-05-18 19:00:16',1,'2020-05-19 03:57:26','2020-05-19 10:57:26'),(345,'faktanyagoogle','https://instagram.com/p/CAU-N1IBUl0',2365631,67178,632,0,'2020-05-18 18:33:56',1,'2020-05-19 03:59:25','2020-05-19 04:17:36'),(346,'faktanyagoogle','https://instagram.com/p/CAUwHNDhoZC',2365631,17252,371,0,'2020-05-18 16:30:42',1,'2020-05-19 04:18:27','2020-05-19 11:18:28'),(347,'faktanyagoogle','https://instagram.com/p/CAUpPpkho2r',2365631,8194,59,0,'2020-05-18 15:30:41',1,'2020-05-19 04:18:49','2020-05-19 11:18:49'),(348,'faktanyagoogle','https://instagram.com/p/CAUihm5BHKB',2365631,36437,1045,0,'2020-05-18 14:32:10',1,'2020-05-19 04:22:55','2020-05-19 11:22:55'),(349,'faktanyagoogle','https://instagram.com/p/CAUW_p5hy6I',2365631,32023,665,0,'2020-05-18 12:51:13',1,'2020-05-19 04:25:06','2020-05-19 11:25:06'),(350,'faktanyagoogle','https://instagram.com/p/CAUPE7KBuBZ',2365631,6632,49,0,'2020-05-18 11:42:07',1,'2020-05-19 04:25:27','2020-05-19 11:25:28'),(351,'humas.jateng','https://instagram.com/p/CAW-j_fjswN',22293,245,2,0,'2020-05-19 13:15:26',1,'2020-05-20 01:49:46','2020-05-20 08:49:47'),(352,'humasprovjatim','https://instagram.com/p/CAXi6IVgaBt',26177,111,2,0,'2020-05-19 18:33:02',1,'2020-05-20 01:50:07','2020-05-20 08:50:07'),(353,'humasprovjatim','https://instagram.com/p/CAXUUY2A5IC',26177,263,3,0,'2020-05-19 16:25:33',1,'2020-05-20 01:50:24','2020-05-20 08:50:25'),(354,'humas_jabar','https://instagram.com/p/CAXhwekhP-C',123162,460,18,0,'2020-05-19 18:26:33',1,'2020-05-20 01:50:46','2020-05-20 08:50:47'),(355,'humas_jabar','https://instagram.com/p/CAW6QxYhJPe',123162,215,6,0,'2020-05-19 12:37:52',1,'2020-05-20 01:51:04','2020-05-20 08:51:05'),(356,'kaltaraprov','https://instagram.com/p/CAWxB0XISjX',18424,78,0,0,'2020-05-19 11:17:14',1,'2020-05-20 01:51:25','2020-05-20 08:51:25'),(357,'kaltaraprov','https://instagram.com/p/CAWw07rn-sq',18424,52,0,0,'2020-05-19 11:15:27',1,'2020-05-20 01:51:43','2020-05-20 08:51:43'),(358,'kaltaraprov','https://instagram.com/p/CAWwmXqj1un',18424,67,0,0,'2020-05-19 11:13:28',1,'2020-05-20 01:52:00','2020-05-20 08:52:00'),(359,'kaltaraprov','https://instagram.com/p/CAWwW4SjVVN',18424,103,0,0,'2020-05-19 11:11:21',1,'2020-05-20 01:52:17','2020-05-20 08:52:18'),(360,'kaltaraprov','https://instagram.com/p/CAWv-iHj1ea',18424,137,4,0,'2020-05-19 11:08:02',1,'2020-05-20 01:52:35','2020-05-20 08:52:36'),(361,'kumparancom','https://instagram.com/p/CAX0OvdFnEj',949509,2423,49,0,'2020-05-19 21:04:24',1,'2020-05-20 01:53:00','2020-05-20 08:53:00'),(362,'kumparancom','https://instagram.com/p/CAXwjHGlV8p',949509,275,5,0,'2020-05-19 20:32:14',1,'2020-05-20 01:53:18','2020-05-20 08:53:18'),(363,'kumparancom','https://instagram.com/p/CAXumuynCwO',949509,424,2,0,'2020-05-19 20:15:46',1,'2020-05-20 01:53:36','2020-05-20 08:53:36'),(364,'kumparancom','https://instagram.com/p/CAXs8z_gCBF',949509,347,1,0,'2020-05-19 20:01:13',1,'2020-05-20 01:53:53','2020-05-20 08:53:54'),(365,'kumparancom','https://instagram.com/p/CAXpTjwlT-I',949509,1567,17,0,'2020-05-19 19:28:56',1,'2020-05-20 01:54:13','2020-05-20 08:54:13'),(366,'kumparancom','https://instagram.com/p/CAXnuuWFiCy',949509,1566,7,0,'2020-05-19 19:15:10',1,'2020-05-20 01:54:30','2020-05-20 08:54:31'),(367,'kumparancom','https://instagram.com/p/CAXlcbqF7Kq',949509,408,7,0,'2020-05-19 18:55:12',1,'2020-05-20 01:54:49','2020-05-20 08:54:49'),(368,'kumparancom','https://instagram.com/p/CAXinnpHp1I',949509,453,9,0,'2020-05-19 18:35:33',1,'2020-05-20 01:55:07','2020-05-20 08:55:07'),(369,'kumparancom','https://instagram.com/p/CAXeisNFfOT',949509,6620,151,0,'2020-05-19 17:54:53',1,'2020-05-20 01:55:41','2020-05-20 08:55:42'),(370,'kumparancom','https://instagram.com/p/CAXbuSjglaP',949509,391,4,0,'2020-05-19 17:30:42',1,'2020-05-20 01:56:00','2020-05-20 08:56:01'),(371,'kumparancom','https://instagram.com/p/CAXYWqtnTpU',949509,249,2,0,'2020-05-19 17:01:07',1,'2020-05-20 01:56:36','2020-05-20 08:56:37'),(372,'kumparancom','https://instagram.com/p/CAXURhkAbTY',949509,295,1,0,'2020-05-19 16:30:26',1,'2020-05-20 01:56:53','2020-05-20 08:56:54'),(373,'kumparancom','https://instagram.com/p/CAXRgzxHFRM',949509,508,0,0,'2020-05-19 16:01:16',1,'2020-05-20 01:57:11','2020-05-20 08:57:12'),(374,'kumparancom','https://instagram.com/p/CAXRI9iFOn-',949509,3786,105,0,'2020-05-19 15:57:46',1,'2020-05-20 01:57:40','2020-05-20 08:57:41'),(375,'kumparancom','https://instagram.com/p/CAXMQglgtcR',949509,444,93,0,'2020-05-19 15:15:18',1,'2020-05-20 01:58:06','2020-05-20 08:58:06'),(376,'kumparancom','https://instagram.com/p/CAXKgSXFcUU',949509,2597,10,0,'2020-05-19 14:59:47',1,'2020-05-20 01:58:25','2020-05-20 08:58:26'),(377,'kumparancom','https://instagram.com/p/CAXI0i1giSU',949509,1079,0,0,'2020-05-19 14:45:29',1,'2020-05-20 01:58:42','2020-05-20 08:58:43'),(378,'kumparancom','https://instagram.com/p/CAXG_IJF8Ux',949509,2213,68,0,'2020-05-19 14:29:03',1,'2020-05-20 01:59:07','2020-05-20 08:59:08'),(379,'kumparancom','https://instagram.com/p/CAXD5nBFq4A',949509,707,12,0,'2020-05-19 14:02:05',1,'2020-05-20 01:59:25','2020-05-20 08:59:26'),(380,'kumparancom','https://instagram.com/p/CAXAeMnFL_Q',949509,1479,25,0,'2020-05-19 13:32:07',1,'2020-05-20 01:59:47','2020-05-20 08:59:48'),(381,'kumparancom','https://instagram.com/p/CAW-CM9gIyy',949509,5142,465,0,'2020-05-19 13:15:57',1,'2020-05-20 02:01:21','2020-05-20 09:01:21'),(382,'kumparancom','https://instagram.com/p/CAW7ucclYDD',949509,13347,0,0,'2020-05-19 12:50:39',1,'2020-05-20 02:01:40','2020-05-20 09:01:41'),(383,'kumparancom','https://instagram.com/p/CAW46u1ljGI',949509,7444,0,0,'2020-05-19 12:26:07',1,'2020-05-20 02:01:58','2020-05-20 09:01:59'),(384,'kumparancom','https://instagram.com/p/CAW1tUQFsUY',949509,352,4,0,'2020-05-19 11:58:04',1,'2020-05-20 02:02:16','2020-05-20 09:02:16'),(385,'kumparancom','https://instagram.com/p/CAWyx9eFCUr',949509,13768,417,0,'2020-05-19 11:32:29',1,'2020-05-20 02:03:27','2020-05-20 09:03:28'),(386,'kumparancom','https://instagram.com/p/CAWuhnDhfQa',949509,278,0,0,'2020-05-19 11:00:20',1,'2020-05-20 02:03:45','2020-05-20 09:03:46'),(387,'kumparancom','https://instagram.com/p/CAWtBhClXIz',949509,15255,1288,0,'2020-05-19 10:42:11',1,'2020-05-20 02:10:03','2020-05-20 09:10:04'),(388,'kumparancom','https://instagram.com/p/CAWsBAalywr',949509,1029,0,0,'2020-05-19 10:33:23',1,'2020-05-20 02:10:22','2020-05-20 09:10:23'),(389,'kumparancom','https://instagram.com/p/CAWoOYsF9Fh',949509,798,5,0,'2020-05-19 10:00:30',1,'2020-05-20 02:10:40','2020-05-20 09:10:41'),(390,'kumparancom','https://instagram.com/p/CAWl05FlKgM',949509,343,5,0,'2020-05-19 09:39:18',1,'2020-05-20 02:10:59','2020-05-20 09:11:00'),(391,'kumparancom','https://instagram.com/p/CAWhXpUAbXe',949509,1280,18,0,'2020-05-19 09:00:37',1,'2020-05-20 02:11:17','2020-05-20 09:11:18'),(392,'kumparancom','https://instagram.com/p/CAWEOX1Fi5-',949509,1138,11,0,'2020-05-19 04:45:41',1,'2020-05-20 02:11:36','2020-05-20 09:11:37'),(393,'viceind','https://instagram.com/p/CAXfKPJnUYH',452023,6263,229,0,'2020-05-19 18:00:19',1,'2020-05-20 02:12:18','2020-05-20 09:12:19'),(394,'viceind','https://instagram.com/p/CAXO130gQ_1',452023,3874,0,0,'2020-05-19 15:42:41',1,'2020-05-20 02:12:37','2020-05-20 09:12:37'),(395,'viceind','https://instagram.com/p/CAXFZSHnT2x',452023,25729,0,0,'2020-05-19 14:15:11',1,'2020-05-20 02:12:54','2020-05-20 09:12:55'),(396,'viceind','https://instagram.com/p/CAW54DBAH9U',452023,9795,0,0,'2020-05-19 12:34:32',1,'2020-05-20 02:13:12','2020-05-20 09:13:12'),(397,'humasbdg','https://instagram.com/p/CAXq22clOv_',113191,356,17,0,'2020-05-19 19:42:30',1,'2020-05-20 02:13:32','2020-05-20 09:13:33'),(398,'humasbdg','https://instagram.com/p/CAWv56wl0k1',113191,141,6,2,'2020-05-19 11:07:22',1,'2020-05-20 02:13:51','2020-05-20 09:13:51'),(399,'humasbdg','https://instagram.com/p/CAWqqA6FY-R',113191,270,14,6,'2020-05-19 10:21:30',1,'2020-05-20 02:14:10','2020-05-20 09:14:11'),(400,'nevertooweird','https://instagram.com/p/CAXvKM1jIfN',1555778,32612,191,0,'2020-05-19 20:20:07',1,'2020-05-20 02:14:48','2020-05-20 09:14:49'),(401,'nevertooweird','https://instagram.com/p/CAWcwiUJmat',1555778,28698,88,0,'2020-05-19 08:20:05',1,'2020-05-20 02:15:16','2020-05-20 09:15:17'),(402,'faktanyagoogle','https://instagram.com/p/CAXzvCvB92h',2365278,25600,173,0,'2020-05-19 21:00:04',1,'2020-05-20 02:15:53','2020-05-20 09:15:54'),(403,'faktanyagoogle','https://instagram.com/p/CAXs35GhqAT',2365278,3803,14,0,'2020-05-19 20:00:07',1,'2020-05-20 02:16:13','2020-05-20 09:16:14'),(404,'faktanyagoogle','https://instagram.com/p/CAXiVYBB2mK',2365278,20176,271,0,'2020-05-19 18:28:01',1,'2020-05-20 02:17:04','2020-05-20 09:17:04'),(405,'faktanyagoogle','https://instagram.com/p/CAXbtPUBqgg',2365278,16171,242,0,'2020-05-19 17:30:06',1,'2020-05-20 02:17:50','2020-05-20 09:17:50'),(406,'faktanyagoogle','https://instagram.com/p/CAXTIWehhdP',2365278,6297,481,0,'2020-05-19 16:15:16',1,'2020-05-20 02:19:18','2020-05-20 09:19:19'),(407,'faktanyagoogle','https://instagram.com/p/CAXKilbBRTp',2365278,15305,217,0,'2020-05-19 15:00:06',1,'2020-05-20 02:20:13','2020-05-20 09:20:14'),(408,'faktanyagoogle','https://instagram.com/p/CAXDrOlhfPG',2365278,16811,192,0,'2020-05-19 14:00:07',1,'2020-05-20 02:20:57','2020-05-20 09:20:57'),(409,'faktanyagoogle','https://instagram.com/p/CAW-GOLjWic',2365278,17789,192,0,'2020-05-19 13:11:38',1,'2020-05-20 02:21:37','2020-05-20 09:21:38'),(410,'faktanyagoogle','https://instagram.com/p/CAWvG7fhvcr',2365278,12505,0,0,'2020-05-19 11:00:24',1,'2020-05-20 02:21:55','2020-05-20 09:21:56'),(411,'faktanyagoogle','https://instagram.com/p/CAWhYFqBzhH',2365278,36147,0,0,'2020-05-19 09:00:25',1,'2020-05-20 02:22:17','2020-05-20 09:22:18'),(412,'humas.jateng','https://instagram.com/p/CAZllG2jJ-2',22299,94,0,0,'2020-05-20 13:38:41',1,'2020-05-21 02:29:33','2020-05-21 09:29:34'),(413,'humasprovjatim','https://instagram.com/p/CAZkzY4gkc-',26251,84,0,0,'2020-05-20 13:28:04',1,'2020-05-21 02:29:52','2020-05-21 09:29:54'),(414,'humas_jabar','https://instagram.com/p/CAaVuI_hLoK',123244,248,0,0,'2020-05-20 20:35:31',1,'2020-05-21 02:30:12','2020-05-21 09:30:13'),(415,'humas_jabar','https://instagram.com/p/CAaKhbzBN9U',123244,259,6,0,'2020-05-20 18:57:40',1,'2020-05-21 02:30:30','2020-05-21 09:30:31'),(416,'humas_jabar','https://instagram.com/p/CAZsnICBXSU',123244,178,0,0,'2020-05-20 14:36:18',1,'2020-05-21 02:30:47','2020-05-21 09:30:49'),(417,'kaltaraprov','https://instagram.com/p/CAZfAX4sVzm',18453,35,0,0,'2020-05-20 12:37:27',1,'2020-05-21 02:31:07','2020-05-21 09:31:08'),(418,'kaltaraprov','https://instagram.com/p/CAZWUGMogew',18453,47,0,0,'2020-05-20 11:21:32',1,'2020-05-21 02:31:25','2020-05-21 09:31:26'),(419,'kaltaraprov','https://instagram.com/p/CAZLs3WDQtX',18453,77,0,0,'2020-05-20 09:48:46',1,'2020-05-21 02:31:42','2020-05-21 09:31:44'),(420,'kaltaraprov','https://instagram.com/p/CAZG73DK8RW',18453,347,0,0,'2020-05-20 09:07:10',1,'2020-05-21 02:32:01','2020-05-21 09:32:02'),(421,'kaltaraprov','https://instagram.com/p/CAZEYGrqPrM',18453,128,0,0,'2020-05-20 08:44:49',1,'2020-05-21 02:32:18','2020-05-21 09:32:20'),(422,'kaltaraprov','https://instagram.com/p/CAZDcO3nkHG',18453,75,0,0,'2020-05-20 08:36:35',1,'2020-05-21 02:32:36','2020-05-21 09:32:38'),(423,'kaltaraprov','https://instagram.com/p/CAY0nNZHhHQ',18453,90,0,0,'2020-05-20 06:26:59',1,'2020-05-21 02:32:54','2020-05-21 09:32:56'),(424,'kumparancom','https://instagram.com/p/CAakucPlGe8',950644,441,0,0,'2020-05-20 22:46:38',1,'2020-05-21 02:33:14','2020-05-21 09:33:15'),(425,'kumparancom','https://instagram.com/p/CAahhfBFS7Y',950644,2642,0,0,'2020-05-20 22:18:39',1,'2020-05-21 02:33:32','2020-05-21 09:33:33'),(426,'kumparancom','https://instagram.com/p/CAaeOL6FDye',950644,1564,12,0,'2020-05-20 21:49:48',1,'2020-05-21 02:33:50','2020-05-21 09:33:51'),(427,'kumparancom','https://instagram.com/p/CAaZYsGFLZe',950644,2518,0,0,'2020-05-20 21:07:33',1,'2020-05-21 02:34:08','2020-05-21 09:34:09'),(428,'kumparancom','https://instagram.com/p/CAaVJ5Gl8dc',950644,2744,0,0,'2020-05-20 20:30:34',1,'2020-05-21 02:34:26','2020-05-21 09:34:27'),(429,'kumparancom','https://instagram.com/p/CAaQS81gYxj',950644,631,0,0,'2020-05-20 19:48:25',1,'2020-05-21 02:34:43','2020-05-21 09:34:45'),(430,'kumparancom','https://instagram.com/p/CAaNAtQg8ZB',950644,391,0,0,'2020-05-20 19:19:42',1,'2020-05-21 02:35:01','2020-05-21 09:35:03'),(431,'kumparancom','https://instagram.com/p/CAaLyLcMsem',950644,1641,82,0,'2020-05-20 19:08:51',1,'2020-05-21 02:35:30','2020-05-21 09:35:31'),(432,'kumparancom','https://instagram.com/p/CAaJd9Eg0jk',950644,284,3,0,'2020-05-20 18:48:41',1,'2020-05-21 02:35:47','2020-05-21 09:35:49'),(433,'kumparancom','https://instagram.com/p/CAaDxTFlTse',950644,3881,84,0,'2020-05-20 17:58:40',1,'2020-05-21 02:36:31','2020-05-21 09:36:33'),(434,'kumparancom','https://instagram.com/p/CAaARTPFHN4',950644,422,5,0,'2020-05-20 17:28:05',1,'2020-05-21 02:36:49','2020-05-21 09:36:50'),(435,'kumparancom','https://instagram.com/p/CAZ9K3rAj2B',950644,375,0,0,'2020-05-20 17:01:11',1,'2020-05-21 02:37:07','2020-05-21 09:37:08'),(436,'kumparancom','https://instagram.com/p/CAZ5Eg4Au_9',950644,502,0,0,'2020-05-20 16:30:23',1,'2020-05-21 02:37:25','2020-05-21 09:37:26'),(437,'kumparancom','https://instagram.com/p/CAZ5FBdgIuE',950644,435,2,0,'2020-05-20 16:25:30',1,'2020-05-21 02:37:43','2020-05-21 09:37:44'),(438,'kumparancom','https://instagram.com/p/CAZ4On6lLE_',950644,750,0,0,'2020-05-20 16:17:49',1,'2020-05-21 02:38:05','2020-05-21 09:38:06'),(439,'kumparancom','https://instagram.com/p/CAZ3BJ-FRTi',950644,4916,0,0,'2020-05-20 16:07:14',1,'2020-05-21 02:38:23','2020-05-21 09:38:24'),(440,'kumparancom','https://instagram.com/p/CAZ1TQDFmh_',950644,3291,15,0,'2020-05-20 15:52:14',1,'2020-05-21 02:38:42','2020-05-21 09:38:43'),(441,'kumparancom','https://instagram.com/p/CAZzUa2F86c',950644,5230,101,0,'2020-05-20 15:34:55',1,'2020-05-21 02:39:10','2020-05-21 09:39:11'),(442,'kumparancom','https://instagram.com/p/CAZuvXyFkHc',950644,4329,184,0,'2020-05-20 14:54:54',1,'2020-05-21 02:39:45','2020-05-21 09:39:47'),(443,'kumparancom','https://instagram.com/p/CAZrm4SFOZC',950644,1400,8,0,'2020-05-20 14:27:32',1,'2020-05-21 02:40:04','2020-05-21 09:40:05'),(444,'kumparancom','https://instagram.com/p/CAZkXCAleJb',950644,7445,0,0,'2020-05-20 13:25:47',1,'2020-05-21 02:40:22','2020-05-21 09:40:24'),(445,'kumparancom','https://instagram.com/p/CAZh-NlFWR8',950644,321,0,0,'2020-05-20 13:03:20',1,'2020-05-21 02:40:40','2020-05-21 09:40:41'),(446,'kumparancom','https://instagram.com/p/CAZdr-Ml4tj',950644,4237,0,0,'2020-05-20 12:25:54',1,'2020-05-21 02:40:58','2020-05-21 09:40:59'),(447,'kumparancom','https://instagram.com/p/CAZawFrlmuP',950644,304,0,0,'2020-05-20 12:00:14',1,'2020-05-21 02:41:16','2020-05-21 09:41:17'),(448,'kumparancom','https://instagram.com/p/CAZXMM8l5m6',950644,7385,0,0,'2020-05-20 11:29:08',1,'2020-05-21 02:41:34','2020-05-21 09:41:35'),(449,'kumparancom','https://instagram.com/p/CAZUkyUI4c1',950644,327,0,0,'2020-05-20 11:06:27',1,'2020-05-21 02:41:52','2020-05-21 09:41:53'),(450,'kumparancom','https://instagram.com/p/CAZQdZfo2fB',950644,676,7,0,'2020-05-20 10:30:33',1,'2020-05-21 02:42:10','2020-05-21 09:42:11'),(451,'kumparancom','https://instagram.com/p/CAZPcLWAlvu',950644,8027,76,0,'2020-05-20 10:21:34',1,'2020-05-21 02:42:35','2020-05-21 09:42:36'),(452,'kumparancom','https://instagram.com/p/CAZI9BVlILd',950644,16096,1493,0,'2020-05-20 09:24:43',1,'2020-05-21 02:50:20','2020-05-21 09:50:21'),(453,'kumparancom','https://instagram.com/p/CAZGLdyKWMI',950644,2362,25,0,'2020-05-20 09:00:45',1,'2020-05-21 02:50:39','2020-05-21 09:50:41'),(454,'kumparancom','https://instagram.com/p/CAZD8zLFQR-',950644,341,0,0,'2020-05-20 08:41:00',1,'2020-05-21 02:50:57','2020-05-21 09:50:59'),(455,'kumparancom','https://instagram.com/p/CAYmwIoF-Wl',950644,835,4,0,'2020-05-20 04:25:52',1,'2020-05-21 02:51:15','2020-05-21 09:51:16'),(456,'viceind','https://instagram.com/p/CAaD9YEneoW',452482,13050,0,0,'2020-05-20 18:00:21',1,'2020-05-21 02:51:35','2020-05-21 09:51:36'),(457,'viceind','https://instagram.com/p/CAZ3xDvAHfe',452482,15184,0,0,'2020-05-20 16:13:48',1,'2020-05-21 02:51:52','2020-05-21 09:51:54'),(458,'viceind','https://instagram.com/p/CAZoez5ACWD',452482,7229,0,0,'2020-05-20 14:00:16',1,'2020-05-21 02:52:10','2020-05-21 09:52:12'),(459,'viceind','https://instagram.com/p/CAZavcMoNtU',452482,18160,634,0,'2020-05-20 12:00:12',1,'2020-05-21 02:54:16','2020-05-21 09:54:18'),(460,'humasbdg','https://instagram.com/p/CAabh1GFUoA',113255,121,0,0,'2020-05-20 21:26:16',1,'2020-05-21 02:54:36','2020-05-21 09:54:38'),(461,'humasbdg','https://instagram.com/p/CAZqz8ilGtc',113255,200,8,0,'2020-05-20 14:20:35',1,'2020-05-21 02:54:56','2020-05-21 09:54:57'),(462,'humasbdg','https://instagram.com/p/CAZi1bzlOZ6',113255,98,0,0,'2020-05-20 13:10:52',1,'2020-05-21 02:55:14','2020-05-21 09:55:15'),(463,'humas.jateng','https://instagram.com/p/CActeIwjqnz',22313,135,2,0,'2020-05-21 18:45:15',1,'2020-05-22 02:13:20','2020-05-22 03:23:23'),(464,'humasprovjatim','https://instagram.com/p/CAbz40wA-YY',26329,60,0,0,'2020-05-21 10:18:22',1,'2020-05-22 02:13:39','2020-05-22 09:13:39'),(465,'humas_jabar','https://instagram.com/p/CAckdXdhtoM',123325,103,3,0,'2020-05-21 17:22:47',1,'2020-05-22 02:13:57','2020-05-22 03:24:02'),(466,'humas_jabar','https://instagram.com/p/CAcUDGuB86D',123325,203,1,0,'2020-05-21 14:59:23',1,'2020-05-22 02:14:15','2020-05-22 03:24:21'),(467,'humas_jabar','https://instagram.com/p/CAcGmJvhG8Q',123325,101,2,0,'2020-05-21 13:02:59',1,'2020-05-22 02:14:32','2020-05-22 03:24:39'),(468,'humas_jabar','https://instagram.com/p/CAbvQ_chTc6',123325,588,33,0,'2020-05-21 09:37:59',1,'2020-05-22 02:14:49','2020-05-22 03:25:04'),(469,'kaltaraprov','https://instagram.com/p/CAb052fF-qT',18456,48,0,0,'2020-05-21 10:27:17',1,'2020-05-22 02:15:08','2020-05-22 09:15:08'),(470,'kaltaraprov','https://instagram.com/p/CAbyw9koxrA',18456,79,1,0,'2020-05-21 10:08:37',1,'2020-05-22 02:15:25','2020-05-22 03:25:42'),(471,'kaltaraprov','https://instagram.com/p/CAbyMuZsyrA',18456,67,0,0,'2020-05-21 10:03:39',1,'2020-05-22 02:15:42','2020-05-22 09:15:43'),(472,'kaltaraprov','https://instagram.com/p/CAbxMpDs-dA',18456,121,3,0,'2020-05-21 09:54:54',1,'2020-05-22 02:16:01','2020-05-22 03:26:18'),(473,'kaltaraprov','https://instagram.com/p/CAbw6p7MsNN',18456,76,1,0,'2020-05-21 09:52:26',1,'2020-05-22 02:16:19','2020-05-22 03:26:36'),(474,'kaltaraprov','https://instagram.com/p/CAbrr-gH3j7',18456,66,0,0,'2020-05-21 09:06:42',1,'2020-05-22 02:16:37','2020-05-22 09:16:37'),(475,'kumparancom','https://instagram.com/p/CAdGnhMF1Xk',951735,1546,55,0,'2020-05-21 22:21:16',1,'2020-05-22 02:16:55','2020-05-22 03:27:20'),(476,'kumparancom','https://instagram.com/p/CAc_xDtFjLU',951784,2670,23,0,'2020-05-21 21:21:24',1,'2020-05-22 03:27:41','2020-05-22 10:27:41'),(477,'kumparancom','https://instagram.com/p/CAc55t6lt-R',951784,1000,13,0,'2020-05-21 20:30:09',1,'2020-05-22 03:28:01','2020-05-22 10:28:02'),(478,'kumparancom','https://instagram.com/p/CAcywe-lPAi',951784,1922,6,0,'2020-05-21 19:27:44',1,'2020-05-22 03:28:22','2020-05-22 10:28:22'),(479,'kumparancom','https://instagram.com/p/CAcvpD6Fm3w',951784,1256,9,0,'2020-05-21 19:00:49',1,'2020-05-22 03:28:42','2020-05-22 10:28:42'),(480,'kumparancom','https://instagram.com/p/CAcoNDXnqUS',951784,294,2,0,'2020-05-21 18:00:42',1,'2020-05-22 03:29:01','2020-05-22 10:29:02'),(481,'kumparancom','https://instagram.com/p/CAclUGBnPe7',951784,1149,9,0,'2020-05-21 17:30:37',1,'2020-05-22 03:29:21','2020-05-22 10:29:21'),(482,'kumparancom','https://instagram.com/p/CAch7itA2iZ',951784,615,5,0,'2020-05-21 17:01:02',1,'2020-05-22 03:29:40','2020-05-22 10:29:40'),(483,'kumparancom','https://instagram.com/p/CAcd3bEAokX',951784,532,4,0,'2020-05-21 16:30:14',1,'2020-05-22 03:29:59','2020-05-22 10:29:59'),(484,'kumparancom','https://instagram.com/p/CAccMUAFtWr',951784,1245,20,0,'2020-05-21 16:10:33',1,'2020-05-22 03:30:22','2020-05-22 10:30:22'),(485,'kumparancom','https://instagram.com/p/CAcZ0a-lp4Y',951784,7609,265,0,'2020-05-21 15:49:49',1,'2020-05-22 03:31:19','2020-05-22 10:31:19'),(486,'kumparancom','https://instagram.com/p/CAcZB3-A7v5',951784,564,21,0,'2020-05-21 15:48:04',1,'2020-05-22 03:31:40','2020-05-22 10:31:40'),(487,'kumparancom','https://instagram.com/p/CAcYvk4ALmX',951784,103,0,0,'2020-05-21 15:40:35',1,'2020-05-22 03:31:58','2020-05-22 10:31:58'),(488,'kumparancom','https://instagram.com/p/CAcVISEHoFG',951784,1283,100,1,'2020-05-21 15:09:00',1,'2020-05-22 03:32:28','2020-05-22 10:32:28'),(489,'kumparancom','https://instagram.com/p/CAcQ7ttlBQ7',951784,4922,169,0,'2020-05-21 14:32:10',1,'2020-05-22 03:33:10','2020-05-22 10:33:10'),(490,'kumparancom','https://instagram.com/p/CAcM4yoFVIP',951784,921,1,0,'2020-05-21 13:56:49',1,'2020-05-22 03:33:30','2020-05-22 10:33:30'),(491,'kumparancom','https://instagram.com/p/CAcJ6pulDu6',951784,4812,86,0,'2020-05-21 13:30:51',1,'2020-05-22 03:34:02','2020-05-22 10:34:02'),(492,'kumparancom','https://instagram.com/p/CAcHn9yD3oj',951784,7270,209,0,'2020-05-21 13:11:01',0,'2020-05-22 03:36:36','2020-05-22 10:36:36'),(493,'kumparancom','https://instagram.com/p/CAcFsh4FckZ',951784,4128,84,0,'2020-05-21 12:56:40',0,'2020-05-22 03:37:09','2020-05-22 10:37:09'),(494,'kumparancom','https://instagram.com/p/CAcEX-cl-f3',951784,369,1,0,'2020-05-21 12:42:26',1,'2020-05-22 03:37:28','2020-05-22 10:37:29'),(495,'kumparancom','https://instagram.com/p/CAb71Y6lLh1',951784,3144,41,0,'2020-05-21 11:27:48',0,'2020-05-22 03:37:52','2020-05-22 10:37:52'),(496,'kumparancom','https://instagram.com/p/CAb40yQlnvN',951784,493,2,0,'2020-05-21 11:01:30',1,'2020-05-22 03:38:12','2020-05-22 10:38:13'),(497,'kumparancom','https://instagram.com/p/CAbyNskFcuX',951784,360,2,0,'2020-05-21 10:03:49',1,'2020-05-22 03:38:30','2020-05-22 10:38:31'),(498,'kumparancom','https://instagram.com/p/CAbwV95oNdQ',951784,1699,14,0,'2020-05-21 09:48:04',1,'2020-05-22 03:38:50','2020-05-22 10:38:50'),(499,'kumparancom','https://instagram.com/p/CAbt93zlzkf',951784,3697,72,0,'2020-05-21 09:26:38',0,'2020-05-22 03:39:17','2020-05-22 10:39:17'),(500,'kumparancom','https://instagram.com/p/CAbQbJkAB3y',951784,9626,126,0,'2020-05-21 05:08:40',0,'2020-05-22 03:39:58','2020-05-22 10:39:58'),(501,'kumparancom','https://instagram.com/p/CAbNNw2FcXB',951784,1222,4,0,'2020-05-21 04:40:26',1,'2020-05-22 03:40:17','2020-05-22 10:40:17'),(502,'humasbdg','https://instagram.com/p/CAdDfP0lEbu',113340,691,53,4,'2020-05-21 21:53:56',0,'2020-05-22 03:40:51','2020-05-22 10:40:52'),(503,'humasbdg','https://instagram.com/p/CAcB3m0lRZL',113340,52,2,0,'2020-05-21 12:20:32',1,'2020-05-22 03:41:09','2020-05-22 10:41:10'),(504,'nevertooweird','https://instagram.com/p/CAc4vv5Fetp',1556646,28169,146,0,'2020-05-21 20:20:05',0,'2020-05-22 03:42:00','2020-05-22 10:42:00'),(505,'nevertooweird','https://instagram.com/p/CAbmWXAJ6VD',1556646,27800,31,0,'2020-05-21 08:20:06',0,'2020-05-22 03:42:22','2020-05-22 10:42:23'),(506,'faktanyagoogle','https://instagram.com/p/CAc9aDoBZVQ',2364379,11464,28,0,'2020-05-21 21:00:47',0,'2020-05-22 03:42:44','2020-05-22 10:42:44'),(507,'faktanyagoogle','https://instagram.com/p/CAcvqI9h2IQ',2364379,22055,50,0,'2020-05-21 19:00:39',0,'2020-05-22 03:43:11','2020-05-22 10:43:11'),(508,'faktanyagoogle','https://instagram.com/p/CAclWaBhEMQ',2364379,21393,122,0,'2020-05-21 17:30:34',1,'2020-05-22 03:43:45','2020-05-22 10:43:45'),(509,'faktanyagoogle','https://instagram.com/p/CAcbDT6hwpR',2364379,12526,60,0,'2020-05-21 16:00:35',1,'2020-05-22 03:44:12','2020-05-22 10:44:12'),(510,'faktanyagoogle','https://instagram.com/p/CAcQwJDBczK',2364379,9654,41,0,'2020-05-21 14:30:35',1,'2020-05-22 03:44:36','2020-05-22 10:44:37'),(511,'faktanyagoogle','https://instagram.com/p/CAcGc81h9ym',2364379,33126,1045,0,'2020-05-21 13:00:35',1,'2020-05-22 03:50:20','2020-05-22 10:50:20'),(512,'faktanyagoogle','https://instagram.com/p/CAcCpgJB1wF',2364379,27600,539,0,'2020-05-21 12:27:21',1,'2020-05-22 03:52:56','2020-05-22 10:52:57'),(513,'faktanyagoogle','https://instagram.com/p/CAb0gkfBNOz',2364379,11393,32,0,'2020-05-21 10:23:48',1,'2020-05-22 03:53:18','2020-05-22 10:53:19'),(514,'humas.jateng','https://instagram.com/p/CAe5Qm0Drz1',22319,165,1,0,'2020-05-22 15:03:45',1,'2020-05-23 04:08:04','2020-05-23 11:08:05'),(515,'humasprovjatim','https://instagram.com/p/CAfmgNwAq8Q',26399,215,0,0,'2020-05-22 21:38:22',1,'2020-05-23 04:08:23','2020-05-23 11:08:24'),(516,'humasprovjatim','https://instagram.com/p/CAeYEhtA-Dk',26399,187,0,0,'2020-05-22 10:13:01',1,'2020-05-23 04:08:42','2020-05-23 11:08:43'),(517,'humasprovjatim','https://instagram.com/p/CAeWwUQgXuY',26399,181,6,0,'2020-05-22 10:01:31',1,'2020-05-23 04:09:01','2020-05-23 11:09:02'),(518,'humas_jabar','https://instagram.com/p/CAfSeCBhe4T',123438,369,8,0,'2020-05-22 18:43:19',1,'2020-05-23 04:09:21','2020-05-23 11:09:22'),(519,'humas_jabar','https://instagram.com/p/CAe65kWhbNy',123438,176,2,0,'2020-05-22 15:17:21',1,'2020-05-23 04:09:39','2020-05-23 11:09:40'),(520,'humas_jabar','https://instagram.com/p/CAeo82dBgGp',123438,298,11,0,'2020-05-22 12:40:31',1,'2020-05-23 04:09:58','2020-05-23 11:09:59'),(521,'kaltaraprov','https://instagram.com/p/CAfbUp1nCZK',18465,158,0,0,'2020-05-22 20:00:41',1,'2020-05-23 04:10:18','2020-05-23 11:10:19'),(522,'kaltaraprov','https://instagram.com/p/CAfa0wMn3_o',18465,73,0,0,'2020-05-22 19:56:19',1,'2020-05-23 04:10:36','2020-05-23 11:10:37'),(523,'kaltaraprov','https://instagram.com/p/CAfaQyvnkKE',18465,89,1,0,'2020-05-22 19:51:25',1,'2020-05-23 04:10:54','2020-05-23 11:10:55'),(524,'kumparancom','https://instagram.com/p/CAfjGr3FAbS',952726,2410,6,0,'2020-05-22 21:08:40',1,'2020-05-23 04:11:14','2020-05-23 11:11:15'),(525,'kumparancom','https://instagram.com/p/CAfg4zQFNaC',952726,5523,72,0,'2020-05-22 20:49:18',0,'2020-05-23 04:13:35','2020-05-23 11:13:36'),(526,'kumparancom','https://instagram.com/p/CAfdn5-F7VF',952726,5507,30,0,'2020-05-22 20:20:47',0,'2020-05-23 04:13:54','2020-05-23 11:13:55'),(527,'kumparancom','https://instagram.com/p/CAfbAMbl4tc',952726,699,5,0,'2020-05-22 19:57:53',1,'2020-05-23 04:14:12','2020-05-23 11:14:13'),(528,'kumparancom','https://instagram.com/p/CAfYCV2F9wF',952726,443,5,0,'2020-05-22 19:31:58',1,'2020-05-23 04:14:29','2020-05-23 11:14:30'),(529,'kumparancom','https://instagram.com/p/CAfUb02jz3Z',952726,442,1,0,'2020-05-22 19:00:48',1,'2020-05-23 04:14:46','2020-05-23 11:14:48'),(530,'kumparancom','https://instagram.com/p/CAfRgRqFh-F',952726,489,9,0,'2020-05-22 18:34:53',1,'2020-05-23 04:15:04','2020-05-23 11:15:05'),(531,'kumparancom','https://instagram.com/p/CAfNl1KHh27',952726,1418,28,0,'2020-05-22 18:00:53',0,'2020-05-23 04:15:26','2020-05-23 11:15:27'),(532,'kumparancom','https://instagram.com/p/CAfML0LlMeS',952726,1864,19,0,'2020-05-22 17:48:24',1,'2020-05-23 04:15:46','2020-05-23 11:15:47'),(533,'kumparancom','https://instagram.com/p/CAfKG0yH8bT',952726,436,4,0,'2020-05-22 17:30:38',1,'2020-05-23 04:16:04','2020-05-23 11:16:05'),(534,'kumparancom','https://instagram.com/p/CAfI1iiAPqB',952726,299,3,0,'2020-05-22 17:19:19',1,'2020-05-23 04:16:21','2020-05-23 11:16:22'),(535,'kumparancom','https://instagram.com/p/CAfDzysjfmQ',952726,346,4,0,'2020-05-22 16:40:19',1,'2020-05-23 04:16:38','2020-05-23 11:16:39'),(536,'kumparancom','https://instagram.com/p/CAfDO3XArJz',952726,356,4,0,'2020-05-22 16:30:28',1,'2020-05-23 04:16:57','2020-05-23 11:16:58'),(537,'kumparancom','https://instagram.com/p/CAfC-21FhET',952726,3270,33,0,'2020-05-22 16:27:59',0,'2020-05-23 04:17:16','2020-05-23 11:17:17'),(538,'kumparancom','https://instagram.com/p/CAfAXYellEl',952726,3091,16,0,'2020-05-22 16:05:07',1,'2020-05-23 04:17:34','2020-05-23 11:17:35'),(539,'kumparancom','https://instagram.com/p/CAe8X13gDEB',952726,334,4,0,'2020-05-22 15:30:27',1,'2020-05-23 04:17:51','2020-05-23 11:17:52'),(540,'kumparancom','https://instagram.com/p/CAe6_-5lCHw',952726,897,9,0,'2020-05-22 15:18:14',1,'2020-05-23 04:18:09','2020-05-23 11:18:10'),(541,'kumparancom','https://instagram.com/p/CAe6Uyoldn9',952726,4126,27,0,'2020-05-22 15:12:20',0,'2020-05-23 04:18:28','2020-05-23 11:18:29'),(542,'kumparancom','https://instagram.com/p/CAe3O63AbHv',952726,486,2,0,'2020-05-22 14:45:32',1,'2020-05-23 04:18:45','2020-05-23 11:18:46'),(543,'kumparancom','https://instagram.com/p/CAe11UUFKOn',952726,4224,29,0,'2020-05-22 14:33:05',0,'2020-05-23 04:19:21','2020-05-23 11:19:22'),(544,'kumparancom','https://instagram.com/p/CAeyIbyAIme',952726,1060,3,0,'2020-05-22 14:00:55',1,'2020-05-23 04:19:40','2020-05-23 11:19:41'),(545,'kumparancom','https://instagram.com/p/CAew1w1A5Sm',952726,626,6,0,'2020-05-22 13:49:43',1,'2020-05-23 04:19:57','2020-05-23 11:19:58'),(546,'kumparancom','https://instagram.com/p/CAevAFxFuBh',952726,3600,38,0,'2020-05-22 13:33:23',0,'2020-05-23 04:20:25','2020-05-23 11:20:26'),(547,'kumparancom','https://instagram.com/p/CAetX07Furs',952726,15199,211,0,'2020-05-22 13:19:09',0,'2020-05-23 04:21:23','2020-05-23 11:21:24'),(548,'kumparancom','https://instagram.com/p/CAeoo0Ulj5U',952726,3534,31,0,'2020-05-22 12:37:47',0,'2020-05-23 04:21:43','2020-05-23 11:21:44'),(549,'kumparancom','https://instagram.com/p/CAekbClIpor',952726,635,4,0,'2020-05-22 12:01:09',1,'2020-05-23 04:22:01','2020-05-23 11:22:02'),(550,'kumparancom','https://instagram.com/p/CAefSiVFyFI',952726,757,3,0,'2020-05-22 11:16:06',1,'2020-05-23 04:22:19','2020-05-23 11:22:20'),(551,'kumparancom','https://instagram.com/p/CAec58Vnlda',952726,6200,561,0,'2020-05-22 11:00:22',0,'2020-05-23 04:25:29','2020-05-23 11:25:30'),(552,'kumparancom','https://instagram.com/p/CAeaIHUqToE',952726,398,0,0,'2020-05-22 10:31:15',1,'2020-05-23 04:25:47','2020-05-23 11:25:48'),(553,'kumparancom','https://instagram.com/p/CAeS83alb9b',952726,1338,3,0,'2020-05-22 09:28:17',1,'2020-05-23 04:26:05','2020-05-23 11:26:06'),(554,'kumparancom','https://instagram.com/p/CAePaj5Fnpf',952726,904,24,0,'2020-05-22 08:57:23',0,'2020-05-23 04:26:25','2020-05-23 11:26:26'),(555,'kumparancom','https://instagram.com/p/CAdxTa6lDxx',952726,1190,9,0,'2020-05-22 04:34:16',1,'2020-05-23 04:26:42','2020-05-23 11:26:43'),(556,'viceind','https://instagram.com/p/CAfNq5WAaYV',453009,9522,37,0,'2020-05-22 18:01:23',0,'2020-05-23 04:27:03','2020-05-23 11:27:04'),(557,'viceind','https://instagram.com/p/CAe_5-fAVgS',453009,1819,13,1,'2020-05-22 16:01:06',1,'2020-05-23 04:27:21','2020-05-23 11:27:22'),(558,'viceind','https://instagram.com/p/CAekUqnl0Lh',453009,18107,310,0,'2020-05-22 12:00:06',0,'2020-05-23 04:28:39','2020-05-23 11:28:40'),(559,'humasbdg','https://instagram.com/p/CAfAOx3FhxQ',113394,46,2,0,'2020-05-22 16:09:12',1,'2020-05-23 04:29:00','2020-05-23 11:29:01'),(560,'humasbdg','https://instagram.com/p/CAexP2blaVy',113394,161,0,0,'2020-05-22 13:53:01',1,'2020-05-23 04:29:18','2020-05-23 11:29:19'),(561,'humasbdg','https://instagram.com/p/CAepAbSF9hm',113394,176,5,3,'2020-05-22 12:41:00',1,'2020-05-23 04:29:36','2020-05-23 11:29:37'),(562,'nevertooweird','https://instagram.com/p/CAfdi43ss9l',1557238,23646,32,0,'2020-05-22 20:20:07',0,'2020-05-23 04:30:04','2020-05-23 11:30:05'),(563,'nevertooweird','https://instagram.com/p/CAeLJFyj4BW',1557238,40576,29,0,'2020-05-22 08:20:04',0,'2020-05-23 04:30:24','2020-05-23 11:30:25'),(564,'faktanyagoogle','https://instagram.com/p/CAfpEl7h9_y',2364037,10321,18,0,'2020-05-22 22:00:49',1,'2020-05-23 04:30:43','2020-05-23 11:30:44'),(565,'faktanyagoogle','https://instagram.com/p/CAfdohrjz_K',2364037,6705,43,0,'2020-05-22 20:21:14',0,'2020-05-23 04:31:04','2020-05-23 11:31:05'),(566,'faktanyagoogle','https://instagram.com/p/CAfcc_PBeKO',2364037,28634,90,0,'2020-05-22 20:10:33',0,'2020-05-23 04:31:32','2020-05-23 11:31:33'),(567,'faktanyagoogle','https://instagram.com/p/CAfb5fShBhf',2364037,13110,43,0,'2020-05-22 20:05:42',0,'2020-05-23 04:31:53','2020-05-23 11:31:54'),(568,'faktanyagoogle','https://instagram.com/p/CAfbf4UhHTi',2364037,9979,28,0,'2020-05-22 20:02:12',0,'2020-05-23 04:32:13','2020-05-23 11:32:14'),(569,'faktanyagoogle','https://instagram.com/p/CAfVZmLhvwK',2364037,4358,38,0,'2020-05-22 19:08:55',0,'2020-05-23 04:32:32','2020-05-23 11:32:33'),(570,'faktanyagoogle','https://instagram.com/p/CAfGti6hXnJ',2364037,28609,92,0,'2020-05-22 17:00:34',0,'2020-05-23 04:33:01','2020-05-23 11:33:02'),(571,'faktanyagoogle','https://instagram.com/p/CAe8aR0B8CU',2364037,13579,109,0,'2020-05-22 15:30:34',1,'2020-05-23 04:33:32','2020-05-23 11:33:33'),(572,'faktanyagoogle','https://instagram.com/p/CAeyHeihvKx',2364037,39347,1144,0,'2020-05-22 14:00:37',1,'2020-05-23 04:38:41','2020-05-23 11:38:42');
/*!40000 ALTER TABLE `tbl_scraping` ENABLE KEYS */;
UNLOCK TABLES;

--
-- Table structure for table `tbl_scraping_result`
--

DROP TABLE IF EXISTS `tbl_scraping_result`;
/*!40101 SET @saved_cs_client     = @@character_set_client */;
/*!40101 SET character_set_client = utf8 */;
CREATE TABLE `tbl_scraping_result` (
  `id` int(11) unsigned NOT NULL AUTO_INCREMENT COMMENT 'table id',
  `id_user` int(11) unsigned DEFAULT '0' COMMENT 'user id',
  `id_target` varchar(50) DEFAULT NULL COMMENT 'target id',
  `ig_username` varchar(50) DEFAULT NULL COMMENT 'username ig',
  `total_follower` int(11) unsigned DEFAULT '0' COMMENT 'total follower (follower_count) from tbl_scraping for this day',
  `total_content` int(11) unsigned DEFAULT '0' COMMENT 'total content (url) from tbl_scraping for this day',
  `total_engagement` int(11) unsigned DEFAULT '0' COMMENT 'total engagement (like_count) from tbl_scraping for this day',
  `total_comment` int(11) unsigned DEFAULT '0' COMMENT 'total comment (comment_count) from tbl_scraping for this day',
  `total_response` int(11) unsigned DEFAULT '0' COMMENT 'total response (response_count) from tbl_scraping for this day',
  `updated` datetime DEFAULT NULL COMMENT 'this day',
  `per_follower` double DEFAULT NULL COMMENT 'total_follower / max of',
  `per_content_per_day` double DEFAULT NULL COMMENT 'total_content / 334 / max of',
  `per_engagement_per_content` double DEFAULT NULL COMMENT 'total_engagement / total_content / max of',
  `per_response` double DEFAULT NULL COMMENT 'total_response / total_comment / max of',
  `weight_follower` double DEFAULT NULL COMMENT 'per_follower * WEIGHT_FOLLOWER',
  `weight_content_per_day` double DEFAULT NULL COMMENT 'per_content_per_day * WEIGHT_CONTENT_PER_DAY',
  `weight_engagement_per_content` double DEFAULT NULL COMMENT 'per_engagement_per_content * WEIGHT_ENGAGEMENT_PER_CONTENT',
  `weight_response` double DEFAULT NULL COMMENT 'per_response * WEIGHT_RESPONSE_COMMENT',
  `total_score` double DEFAULT NULL COMMENT '((weight_follower + weight_content_per_day + weight_engagement_per_content + weight_response) / WEIGHT_TOTAL_SCORE) * 100',
  PRIMARY KEY (`id`)
) ENGINE=InnoDB AUTO_INCREMENT=42 DEFAULT CHARSET=latin1;
/*!40101 SET character_set_client = @saved_cs_client */;

--
-- Dumping data for table `tbl_scraping_result`
--

LOCK TABLES `tbl_scraping_result` WRITE;
/*!40000 ALTER TABLE `tbl_scraping_result` DISABLE KEYS */;
INSERT INTO `tbl_scraping_result` VALUES (1,3,'3','humasprovjatim',78198,3,448,3,0,'2020-05-18 11:55:13',0.346082353774253,0.0029940119760479,0.689761354888376,0,0.346082353774253,0.00598802395209581,2.06928406466513,0,44.0246262252996),(2,3,'10','humasbdg',225952,2,433,3,0,'2020-05-18 12:13:35',1,0.00199600798403194,1,0,1,0.00399201596806387,3,0,72.799854835783),(3,4,'4','humas_jabar',368775,3,649,11,3,'2020-05-18 11:56:10',0.0176869248122363,0.000408274360370169,0.0145097644678449,1,0.0176869248122363,0.000816548720740337,0.0435292934035347,2,37.4915048533911),(4,4,'2','humas.jateng',22293,1,167,0,0,'2020-05-18 11:54:17',0.00106920104356094,0.000136091453456723,0.0112009121700929,0,0.00106920104356094,0.000272182906913446,0.0336027365102787,0,0.635347644740965),(5,4,'9','viceind',900384,2,29819,476,0,'2020-05-18 12:12:54',0.0431835783611704,0.000272182906913446,1,0,0.0431835783611704,0.000544365813826892,3,0,55.340508075909),(6,4,'7','kumparancom',20850148,22,92877,2576,0,'2020-05-18 12:11:09',1,0.0029940119760479,0.283153815901393,0,1,0.00598802395209581,0.849461447704179,0,33.735444939205),(7,4,'6','kaltaraprov',36784,2,111,0,0,'2020-05-18 11:56:48',0.00176420810058519,0.000272182906913446,0.00372245883497099,0,0.00176420810058519,0.000544365813826892,0.011167376504913,0,0.245017280351365),(8,3,'10','humasbdg',565395,5,1087,26,2,'2020-05-19 10:43:43',1,0.0029940119760479,1,1,1,0.00598802395209581,3,2,109.199782253674),(9,3,'3','humasprovjatim',26123,1,167,4,0,'2020-05-19 10:03:59',0.04620309694992,0.000598802395209581,0.768169273229071,0,0.04620309694992,0.00119760479041916,2.30450781968721,0,42.7619731168646),(10,4,'9','viceind',1805596,4,108671,3946,0,'2020-05-19 10:42:00',0.0576763048214795,0.000362910542551261,1,0,0.0576763048214795,0.000725821085102522,3,0,55.6073113801197),(11,4,'7','kumparancom',31305681,33,139040,2773,0,'2020-05-19 10:20:34',1,0.0029940119760479,0.155085840135209,0,1,0.00598802395209581,0.465257520405628,0,26.7499189883222),(12,4,'6','kaltaraprov',110430,6,639,1,0,'2020-05-19 10:06:19',0.00352747477366808,0.000544365813826892,0.00392008907620248,0,0.00352747477366808,0.00108873162765378,0.0117602672286074,0,0.297754065998715),(13,4,'4','humas_jabar',246118,2,996,19,0,'2020-05-19 10:04:36',0.00786176796473458,0.000181455271275631,0.0183305573704116,0,0.00786176796473458,0.000362910542551261,0.0549916721112348,0,1.14938819306401),(14,4,'2','humas.jateng',22291,1,66,0,0,'2020-05-19 10:03:40',0.000712043286967627,0.0000907276356378153,0.00242935097680154,0,0.000712043286967627,0.000181455271275631,0.00728805293040462,0,0.14875548161178),(15,3,'10','humasbdg',339573,3,767,37,8,'2020-05-20 09:14:11',1,0.0029940119760479,1,1,1,0.00598802395209581,3,2,109.199782253674),(16,3,'3','humasprovjatim',52354,2,374,5,0,'2020-05-20 08:50:25',0.154175979833497,0.00199600798403194,0.73142112125163,0,0.154175979833497,0.00399201596806387,2.19426336375489,0,42.7714792646627),(17,4,'9','viceind',1808092,4,45661,229,0,'2020-05-20 09:13:12',0.0595074664905757,0.000374251497005988,1,0,0.0595074664905757,0.000748502994011976,3,0,55.6410176269925),(18,4,'7','kumparancom',30384288,32,88005,2781,0,'2020-05-20 09:11:37',1,0.0029940119760479,0.240919493659797,0,1,0.00598802395209581,0.722758480979392,0,31.431754635118),(19,4,'6','kaltaraprov',92120,5,437,4,0,'2020-05-20 08:52:36',0.0030318301353647,0.000467814371257485,0.00765642451983093,0,0.0030318301353647,0.00093562874251497,0.0229692735594928,0,0.48975877158859),(20,4,'4','humas_jabar',246324,2,675,24,0,'2020-05-20 08:51:05',0.00810695317263975,0.000187125748502994,0.0295657125336721,0,0.00810695317263975,0.000374251497005988,0.0886971376010162,0,1.76687895037567),(21,4,'2','humas.jateng',22293,1,245,2,0,'2020-05-20 08:49:47',0.000733701576288376,0.000093562874251497,0.0214625172466656,0,0.000733701576288376,0.000187125748502994,0.0643875517399969,0,1.18742507390524),(22,3,'10','humasbdg',339765,3,419,8,0,'2020-05-21 09:55:15',1,0.0029940119760479,1,0,1,0.00598802395209581,3,0,72.8361458900381),(23,3,'3','humasprovjatim',26251,1,84,0,0,'2020-05-21 09:29:54',0.077262225361647,0.000998003992015968,0.601431980906921,0,0.077262225361647,0.00199600798403194,1.80429594272076,0,34.2464395648444),(24,4,'9','viceind',1809928,4,53623,634,0,'2020-05-21 09:54:18',0.0594967727140759,0.000374251497005988,1,0,0.0594967727140759,0.000748502994011976,3,0,55.6408231946925),(25,4,'7','kumparancom',30420608,32,86743,2101,0,'2020-05-21 09:51:16',1,0.0029940119760479,0.202205676668594,0,1,0.00598802395209581,0.606617030005781,0,29.3200918901432),(26,4,'6','kaltaraprov',129171,7,799,0,0,'2020-05-21 09:32:56',0.00424616759796517,0.000654940119760479,0.00851447007014581,0,0.00424616759796517,0.00130988023952096,0.0255434102104374,0,0.565444691780428),(27,4,'4','humas_jabar',369732,3,685,6,0,'2020-05-21 09:30:49',0.0121539977110254,0.000280688622754491,0.0170324922763242,0,0.0121539977110254,0.000561377245508982,0.0510974768289726,0,1.1602336688274),(28,4,'2','humas.jateng',22299,1,94,0,0,'2020-05-21 09:29:34',0.000733022824527373,0.000093562874251497,0.00701191652835537,0,0.000733022824527373,0.000187125748502994,0.0210357495850661,0,0.399198148329027),(29,3,'3','humasprovjatim',26329,1,60,0,0,'2020-05-22 09:13:39',0.116150520557614,0.00149700598802395,0.161507402422611,0,0.116150520557614,0.0029940119760479,0.484522207267833,0,10.9757589054817),(30,3,'10','humasbdg',226680,2,743,55,4,'2020-05-22 10:41:10',1,0.0029940119760479,1,1,1,0.00598802395209581,3,2,109.199782253674),(31,4,'4','humas_jabar',493300,4,995,39,0,'2020-05-22 03:25:04',0.0191959574940096,0.000443557329784875,0.104207072039224,0,0.0191959574940096,0.000887114659569749,0.312621216117671,0,6.04916887765909),(32,4,'2','humas.jateng',22313,1,135,2,0,'2020-05-22 03:23:23',0.000868273666255495,0.000110889332446219,0.0565545918604832,0,0.000868273666255495,0.000221778664892437,0.169663775581449,0,3.10461505295632),(33,4,'7','kumparancom',25698119,27,64451,1343,1,'2020-05-22 10:40:17',1,0.0029940119760479,1,1,1,0.00598802395209581,3,2,109.199782253674),(34,4,'6','kaltaraprov',110736,6,457,5,0,'2020-05-22 09:16:37',0.00430910916086893,0.000665335994677312,0.031907961086717,0,0.00430910916086893,0.00133067198935462,0.0957238832601511,0,1.84297571655227),(35,3,'10','humasbdg',340182,3,383,7,3,'2020-05-23 11:29:37',1,0.0029940119760479,0.656946826758148,1,1,0.00598802395209581,1.97084048027444,2,90.4877909859371),(36,3,'3','humasprovjatim',79197,3,583,6,0,'2020-05-23 11:09:02',0.232807732331517,0.0029940119760479,1,0,0.232807732331517,0.00598802395209581,3,0,58.8871955687929),(37,4,'9','viceind',1359027,3,29448,360,1,'2020-05-23 11:28:40',0.044576923218218,0.000280688622754491,1,1,0.044576923218218,0.000561377245508982,3,2,91.7297872811587),(38,4,'7','kumparancom',30487232,32,72101,1203,0,'2020-05-23 11:26:43',1,0.0029940119760479,0.229539145273024,0,1,0.00598802395209581,0.688617435819071,0,30.8110083594758),(39,4,'6','kaltaraprov',55395,3,320,1,0,'2020-05-23 11:10:55',0.00181699014197156,0.000280688622754491,0.010866612333605,0,0.00181699014197156,0.000561377245508982,0.032599837000815,0,0.635967352514464),(40,4,'4','humas_jabar',370314,3,843,21,0,'2020-05-23 11:09:59',0.0121465274381092,0.000280688622754491,0.0286267318663407,0,0.0121465274381092,0.000561377245508982,0.085880195599022,0,1.79251091422982),(41,4,'2','humas.jateng',22319,1,165,1,0,'2020-05-23 11:08:05',0.000732076956018834,0.000093562874251497,0.0168092909535452,0,0.000732076956018834,0.000187125748502994,0.0504278728606357,0,0.933583192093773);
/*!40000 ALTER TABLE `tbl_scraping_result` ENABLE KEYS */;
UNLOCK TABLES;

--
-- Table structure for table `tbl_targets`
--

DROP TABLE IF EXISTS `tbl_targets`;
/*!40101 SET @saved_cs_client     = @@character_set_client */;
/*!40101 SET character_set_client = utf8 */;
CREATE TABLE `tbl_targets` (
  `id_target` int(11) NOT NULL AUTO_INCREMENT,
  `ig_username` varchar(50) NOT NULL,
  `id_admin` int(11) NOT NULL,
  `id_engine` int(11) NOT NULL,
  `created` timestamp NOT NULL DEFAULT CURRENT_TIMESTAMP,
  `updated` timestamp NOT NULL DEFAULT CURRENT_TIMESTAMP ON UPDATE CURRENT_TIMESTAMP,
  PRIMARY KEY (`id_target`)
) ENGINE=InnoDB AUTO_INCREMENT=10 DEFAULT CHARSET=utf8;
/*!40101 SET character_set_client = @saved_cs_client */;

--
-- Dumping data for table `tbl_targets`
--

LOCK TABLES `tbl_targets` WRITE;
/*!40000 ALTER TABLE `tbl_targets` DISABLE KEYS */;
INSERT INTO `tbl_targets` VALUES (1,'aniesbaswedan',2,2,'2019-11-22 05:49:01','2019-12-06 13:47:24'),(2,'humas.jateng',5,1,'2019-11-22 05:53:05','2019-12-11 01:37:21'),(3,'humasprovjatim',2,1,'2019-11-22 05:49:01','2019-12-11 01:37:25'),(4,'humas_jabar',2,1,'2019-11-22 05:53:05','2019-12-06 10:40:45'),(5,'jokowi',2,2,'2019-11-22 05:53:05','2019-12-10 11:26:44'),(6,'kaltaraprov',2,1,'2019-11-22 05:53:05','2019-12-06 10:40:45'),(7,'kumparancom',2,1,'2019-11-22 05:53:05','2019-12-06 10:40:45'),(8,'ridwankamil',2,2,'2019-10-18 05:06:08','2019-12-10 11:26:52'),(9,'viceind',2,1,'2019-11-22 05:53:25','2019-12-11 01:37:31');
/*!40000 ALTER TABLE `tbl_targets` ENABLE KEYS */;
UNLOCK TABLES;

--
-- Table structure for table `tbl_users`
--

DROP TABLE IF EXISTS `tbl_users`;
/*!40101 SET @saved_cs_client     = @@character_set_client */;
/*!40101 SET character_set_client = utf8 */;
CREATE TABLE `tbl_users` (
  `id_user` int(11) unsigned NOT NULL AUTO_INCREMENT,
  `username` varchar(30) NOT NULL DEFAULT '',
  `name` varchar(50) NOT NULL DEFAULT '',
  `user_type` tinyint(1) NOT NULL COMMENT '1. Owner 2. Admin 3. Client',
  `id_engine` int(11) DEFAULT NULL,
  `active` tinyint(1) NOT NULL,
  `last_result` date DEFAULT NULL,
  `ig_username` varchar(50) NOT NULL,
  `password` varchar(50) NOT NULL DEFAULT '',
  `token` varchar(100) DEFAULT NULL,
  `created` timestamp NOT NULL DEFAULT CURRENT_TIMESTAMP,
  `updated` timestamp NOT NULL DEFAULT CURRENT_TIMESTAMP ON UPDATE CURRENT_TIMESTAMP,
  PRIMARY KEY (`id_user`),
  KEY `login` (`username`,`password`),
  KEY `loginByToken` (`token`)
) ENGINE=InnoDB AUTO_INCREMENT=6 DEFAULT CHARSET=utf8;
/*!40101 SET character_set_client = @saved_cs_client */;

--
-- Dumping data for table `tbl_users`
--

LOCK TABLES `tbl_users` WRITE;
/*!40000 ALTER TABLE `tbl_users` DISABLE KEYS */;
INSERT INTO `tbl_users` VALUES (1,'myjajat@gmail.com','Jajat Ismail',1,NULL,1,NULL,'','827ccb0eea8a706c4c34a16891f84e7b','c1925ce6523fedfd9b4dbea49bd32cfc4d65fc22b9749c5f68e129d6e161b30d','2019-10-02 16:41:51','2019-12-26 10:48:52'),(2,'admin1@email.com','Admin 1',2,NULL,1,NULL,'','827ccb0eea8a706c4c34a16891f84e7b',NULL,'2019-10-16 18:24:59','2019-10-18 21:20:26'),(3,'user1@email.com','User 1',3,1,1,'2019-12-23','nevertooweird','827ccb0eea8a706c4c34a16891f84e7b',NULL,'2019-10-18 17:19:14','2020-05-18 04:31:03'),(4,'okyzaprabowo@gmail.com','Okyza Prabowo',3,1,1,NULL,'faktanyagoogle','827ccb0eea8a706c4c34a16891f84e7b','4b8e4ec3f586700e088a3b6c9f9ebcbee4290c168d87eb4f16d3b32e6b562957','2019-11-25 10:15:01','2020-05-18 04:33:09'),(5,'admin2@email.com','Admin 2',2,NULL,1,NULL,'','827ccb0eea8a706c4c34a16891f84e7b',NULL,'2019-11-25 10:27:38','2019-11-25 10:27:38');
/*!40000 ALTER TABLE `tbl_users` ENABLE KEYS */;
UNLOCK TABLES;

--
-- Table structure for table `tbl_users_scrap_targets`
--

DROP TABLE IF EXISTS `tbl_users_scrap_targets`;
/*!40101 SET @saved_cs_client     = @@character_set_client */;
/*!40101 SET character_set_client = utf8 */;
CREATE TABLE `tbl_users_scrap_targets` (
  `id_user` int(11) NOT NULL,
  `id_scrap_target` int(11) NOT NULL,
  `created` timestamp NOT NULL DEFAULT CURRENT_TIMESTAMP,
  `updated` timestamp NOT NULL DEFAULT CURRENT_TIMESTAMP ON UPDATE CURRENT_TIMESTAMP,
  PRIMARY KEY (`id_user`,`id_scrap_target`),
  KEY `id_user` (`id_user`)
) ENGINE=InnoDB DEFAULT CHARSET=utf8;
/*!40101 SET character_set_client = @saved_cs_client */;

--
-- Dumping data for table `tbl_users_scrap_targets`
--

LOCK TABLES `tbl_users_scrap_targets` WRITE;
/*!40000 ALTER TABLE `tbl_users_scrap_targets` DISABLE KEYS */;
INSERT INTO `tbl_users_scrap_targets` VALUES (3,3,'2019-11-25 03:52:34','2019-11-25 03:52:34'),(3,10,'2020-05-18 04:52:38','2020-05-18 04:52:38'),(4,2,'2019-11-25 03:51:20','2019-11-25 03:51:20'),(4,4,'2019-11-25 03:51:31','2019-11-25 03:51:31'),(4,6,'2019-12-10 14:14:27','2019-12-10 14:14:27'),(4,7,'2019-12-10 14:14:42','2019-12-10 14:14:42'),(4,9,'2019-11-29 13:18:49','2019-11-29 13:18:49');
/*!40000 ALTER TABLE `tbl_users_scrap_targets` ENABLE KEYS */;
UNLOCK TABLES;

--
-- Table structure for table `tbl_users_targets`
--

DROP TABLE IF EXISTS `tbl_users_targets`;
/*!40101 SET @saved_cs_client     = @@character_set_client */;
/*!40101 SET character_set_client = utf8 */;
CREATE TABLE `tbl_users_targets` (
  `id_user` int(11) NOT NULL,
  `id_target` int(11) NOT NULL,
  `category` varchar(20) NOT NULL,
  `created` timestamp NOT NULL DEFAULT CURRENT_TIMESTAMP,
  `updated` timestamp NOT NULL DEFAULT CURRENT_TIMESTAMP ON UPDATE CURRENT_TIMESTAMP,
  PRIMARY KEY (`id_user`,`id_target`),
  KEY `id_user` (`id_user`,`category`)
) ENGINE=InnoDB DEFAULT CHARSET=utf8;
/*!40101 SET character_set_client = @saved_cs_client */;

--
-- Dumping data for table `tbl_users_targets`
--

LOCK TABLES `tbl_users_targets` WRITE;
/*!40000 ALTER TABLE `tbl_users_targets` DISABLE KEYS */;
INSERT INTO `tbl_users_targets` VALUES (3,1,'POLITIK','2019-10-18 19:06:08','2019-11-20 19:50:09'),(3,3,'POLITIK','2019-11-25 10:52:34','2019-11-25 10:52:34'),(4,1,'PUBLIC FIGURE','2019-11-25 10:51:13','2019-11-25 10:51:13'),(4,2,'PUBLIC FIGURE','2019-11-25 10:51:20','2019-11-25 10:51:20'),(4,4,'NEWS','2019-11-25 10:51:31','2019-11-25 10:51:31'),(4,5,'POLITIK','2019-12-09 18:52:45','2019-12-09 18:52:45'),(4,6,'POLITIK','2019-12-10 21:14:27','2019-12-10 21:14:27'),(4,7,'NEWS','2019-12-10 21:14:42','2019-12-10 21:14:42'),(4,9,'NEWS','2019-11-29 20:18:49','2019-11-29 20:18:49');
/*!40000 ALTER TABLE `tbl_users_targets` ENABLE KEYS */;
UNLOCK TABLES;

--
-- Temporary table structure for view `v_engagement`
--

DROP TABLE IF EXISTS `v_engagement`;
/*!50001 DROP VIEW IF EXISTS `v_engagement`*/;
SET @saved_cs_client     = @@character_set_client;
SET character_set_client = utf8;
/*!50001 CREATE TABLE `v_engagement` (
  `ig_username` tinyint NOT NULL,
  `engagement` tinyint NOT NULL
) ENGINE=MyISAM */;
SET character_set_client = @saved_cs_client;

--
-- Temporary table structure for view `v_follower_count`
--

DROP TABLE IF EXISTS `v_follower_count`;
/*!50001 DROP VIEW IF EXISTS `v_follower_count`*/;
SET @saved_cs_client     = @@character_set_client;
SET character_set_client = utf8;
/*!50001 CREATE TABLE `v_follower_count` (
  `ig_username` tinyint NOT NULL,
  `last_checked` tinyint NOT NULL,
  `follower_count` tinyint NOT NULL
) ENGINE=MyISAM */;
SET character_set_client = @saved_cs_client;

--
-- Temporary table structure for view `v_post_avg`
--

DROP TABLE IF EXISTS `v_post_avg`;
/*!50001 DROP VIEW IF EXISTS `v_post_avg`*/;
SET @saved_cs_client     = @@character_set_client;
SET character_set_client = utf8;
/*!50001 CREATE TABLE `v_post_avg` (
  `ig_username` tinyint NOT NULL,
  `jumlah` tinyint NOT NULL,
  `ratarata` tinyint NOT NULL
) ENGINE=MyISAM */;
SET character_set_client = @saved_cs_client;

--
-- Temporary table structure for view `v_responsive`
--

DROP TABLE IF EXISTS `v_responsive`;
/*!50001 DROP VIEW IF EXISTS `v_responsive`*/;
SET @saved_cs_client     = @@character_set_client;
SET character_set_client = utf8;
/*!50001 CREATE TABLE `v_responsive` (
  `ig_username` tinyint NOT NULL,
  `responsive` tinyint NOT NULL
) ENGINE=MyISAM */;
SET character_set_client = @saved_cs_client;

--
-- Temporary table structure for view `v_scraping_summary`
--

DROP TABLE IF EXISTS `v_scraping_summary`;
/*!50001 DROP VIEW IF EXISTS `v_scraping_summary`*/;
SET @saved_cs_client     = @@character_set_client;
SET character_set_client = utf8;
/*!50001 CREATE TABLE `v_scraping_summary` (
  `ig_username` tinyint NOT NULL,
  `last_checked` tinyint NOT NULL,
  `post_count` tinyint NOT NULL,
  `like_count` tinyint NOT NULL,
  `comment_count` tinyint NOT NULL,
  `response_count` tinyint NOT NULL,
  `follower_count` tinyint NOT NULL
) ENGINE=MyISAM */;
SET character_set_client = @saved_cs_client;

--
-- Final view structure for view `v_engagement`
--

/*!50001 DROP TABLE IF EXISTS `v_engagement`*/;
/*!50001 DROP VIEW IF EXISTS `v_engagement`*/;
/*!50001 SET @saved_cs_client          = @@character_set_client */;
/*!50001 SET @saved_cs_results         = @@character_set_results */;
/*!50001 SET @saved_col_connection     = @@collation_connection */;
/*!50001 SET character_set_client      = utf8 */;
/*!50001 SET character_set_results     = utf8 */;
/*!50001 SET collation_connection      = utf8_general_ci */;
/*!50001 CREATE ALGORITHM=UNDEFINED */
/*!50013 DEFINER=`root`@`localhost` SQL SECURITY DEFINER */
/*!50001 VIEW `v_engagement` AS select `tbl_scraping`.`ig_username` AS `ig_username`,avg(`tbl_scraping`.`like_count`) AS `engagement` from `tbl_scraping` group by `tbl_scraping`.`ig_username` */;
/*!50001 SET character_set_client      = @saved_cs_client */;
/*!50001 SET character_set_results     = @saved_cs_results */;
/*!50001 SET collation_connection      = @saved_col_connection */;

--
-- Final view structure for view `v_follower_count`
--

/*!50001 DROP TABLE IF EXISTS `v_follower_count`*/;
/*!50001 DROP VIEW IF EXISTS `v_follower_count`*/;
/*!50001 SET @saved_cs_client          = @@character_set_client */;
/*!50001 SET @saved_cs_results         = @@character_set_results */;
/*!50001 SET @saved_col_connection     = @@collation_connection */;
/*!50001 SET character_set_client      = utf8 */;
/*!50001 SET character_set_results     = utf8 */;
/*!50001 SET collation_connection      = utf8_general_ci */;
/*!50001 CREATE ALGORITHM=UNDEFINED */
/*!50013 DEFINER=`root`@`localhost` SQL SECURITY DEFINER */
/*!50001 VIEW `v_follower_count` AS select `db_sma2`.`tbl_scraping`.`ig_username` AS `ig_username`,`tmax`.`last_checked` AS `last_checked`,`db_sma2`.`tbl_scraping`.`follower_count` AS `follower_count` from (`db_sma2`.`tbl_scraping` join (select `db_sma2`.`tbl_scraping`.`ig_username` AS `ig_username`,max(`db_sma2`.`tbl_scraping`.`created`) AS `last_checked` from `db_sma2`.`tbl_scraping` group by `db_sma2`.`tbl_scraping`.`ig_username`) `tmax` on(((`db_sma2`.`tbl_scraping`.`ig_username` = `tmax`.`ig_username`) and (`db_sma2`.`tbl_scraping`.`created` = `tmax`.`last_checked`)))) */;
/*!50001 SET character_set_client      = @saved_cs_client */;
/*!50001 SET character_set_results     = @saved_cs_results */;
/*!50001 SET collation_connection      = @saved_col_connection */;

--
-- Final view structure for view `v_post_avg`
--

/*!50001 DROP TABLE IF EXISTS `v_post_avg`*/;
/*!50001 DROP VIEW IF EXISTS `v_post_avg`*/;
/*!50001 SET @saved_cs_client          = @@character_set_client */;
/*!50001 SET @saved_cs_results         = @@character_set_results */;
/*!50001 SET @saved_col_connection     = @@collation_connection */;
/*!50001 SET character_set_client      = utf8 */;
/*!50001 SET character_set_results     = utf8 */;
/*!50001 SET collation_connection      = utf8_general_ci */;
/*!50001 CREATE ALGORITHM=UNDEFINED */
/*!50013 DEFINER=`root`@`localhost` SQL SECURITY DEFINER */
/*!50001 VIEW `v_post_avg` AS select `tjumlah`.`ig_username` AS `ig_username`,`tjumlah`.`jumlah` AS `jumlah`,(`tjumlah`.`jumlah` / 334) AS `ratarata` from (select `db_sma2`.`tbl_scraping`.`ig_username` AS `ig_username`,count(0) AS `jumlah` from `db_sma2`.`tbl_scraping` group by `db_sma2`.`tbl_scraping`.`ig_username`) `tjumlah` */;
/*!50001 SET character_set_client      = @saved_cs_client */;
/*!50001 SET character_set_results     = @saved_cs_results */;
/*!50001 SET collation_connection      = @saved_col_connection */;

--
-- Final view structure for view `v_responsive`
--

/*!50001 DROP TABLE IF EXISTS `v_responsive`*/;
/*!50001 DROP VIEW IF EXISTS `v_responsive`*/;
/*!50001 SET @saved_cs_client          = @@character_set_client */;
/*!50001 SET @saved_cs_results         = @@character_set_results */;
/*!50001 SET @saved_col_connection     = @@collation_connection */;
/*!50001 SET character_set_client      = utf8 */;
/*!50001 SET character_set_results     = utf8 */;
/*!50001 SET collation_connection      = utf8_general_ci */;
/*!50001 CREATE ALGORITHM=UNDEFINED */
/*!50013 DEFINER=`root`@`localhost` SQL SECURITY DEFINER */
/*!50001 VIEW `v_responsive` AS select `tbl_scraping`.`ig_username` AS `ig_username`,((sum(`tbl_scraping`.`response_count`) / sum(`tbl_scraping`.`comment_count`)) * 100) AS `responsive` from `tbl_scraping` group by `tbl_scraping`.`ig_username` */;
/*!50001 SET character_set_client      = @saved_cs_client */;
/*!50001 SET character_set_results     = @saved_cs_results */;
/*!50001 SET collation_connection      = @saved_col_connection */;

--
-- Final view structure for view `v_scraping_summary`
--

/*!50001 DROP TABLE IF EXISTS `v_scraping_summary`*/;
/*!50001 DROP VIEW IF EXISTS `v_scraping_summary`*/;
/*!50001 SET @saved_cs_client          = @@character_set_client */;
/*!50001 SET @saved_cs_results         = @@character_set_results */;
/*!50001 SET @saved_col_connection     = @@collation_connection */;
/*!50001 SET character_set_client      = utf8 */;
/*!50001 SET character_set_results     = utf8 */;
/*!50001 SET collation_connection      = utf8_general_ci */;
/*!50001 CREATE ALGORITHM=UNDEFINED */
/*!50013 DEFINER=`root`@`localhost` SQL SECURITY DEFINER */
/*!50001 VIEW `v_scraping_summary` AS select `ts`.`ig_username` AS `ig_username`,`ts`.`last_checked` AS `last_checked`,`ts`.`post_count` AS `post_count`,`ts`.`like_count` AS `like_count`,`ts`.`comment_count` AS `comment_count`,`ts`.`response_count` AS `response_count`,`db_sma2`.`tbl_scraping`.`follower_count` AS `follower_count` from (((select `db_sma2`.`tbl_scraping`.`ig_username` AS `ig_username`,count(0) AS `post_count`,sum(`db_sma2`.`tbl_scraping`.`like_count`) AS `like_count`,sum(`db_sma2`.`tbl_scraping`.`comment_count`) AS `comment_count`,sum(`db_sma2`.`tbl_scraping`.`response_count`) AS `response_count`,max(`db_sma2`.`tbl_scraping`.`created`) AS `last_checked` from `db_sma2`.`tbl_scraping` group by `db_sma2`.`tbl_scraping`.`ig_username`)) `ts` join `db_sma2`.`tbl_scraping` on(((`db_sma2`.`tbl_scraping`.`ig_username` = `ts`.`ig_username`) and (`db_sma2`.`tbl_scraping`.`created` = `ts`.`last_checked`)))) */;
/*!50001 SET character_set_client      = @saved_cs_client */;
/*!50001 SET character_set_results     = @saved_cs_results */;
/*!50001 SET collation_connection      = @saved_col_connection */;
/*!40103 SET TIME_ZONE=@OLD_TIME_ZONE */;

/*!40101 SET SQL_MODE=@OLD_SQL_MODE */;
/*!40014 SET FOREIGN_KEY_CHECKS=@OLD_FOREIGN_KEY_CHECKS */;
/*!40014 SET UNIQUE_CHECKS=@OLD_UNIQUE_CHECKS */;
/*!40101 SET CHARACTER_SET_CLIENT=@OLD_CHARACTER_SET_CLIENT */;
/*!40101 SET CHARACTER_SET_RESULTS=@OLD_CHARACTER_SET_RESULTS */;
/*!40101 SET COLLATION_CONNECTION=@OLD_COLLATION_CONNECTION */;
/*!40111 SET SQL_NOTES=@OLD_SQL_NOTES */;

-- Dump completed on 2020-05-27 19:55:38
